"title";"year";"duration";"genres";"rating";"votes";"DirectedBy";"Cast";"Writing";"ProducedBy";"MusicBy";"CinematographyBy";"production_countries";"language";"color";"keywords"
"Szybcy i wsciekli - Tokio drift";"2006";"104";"Action,Crime,Drama";"5.9";"146,779";"Justin Lin";"Lucas Black,Damien Marzette,Trula M. Marcus,Zachery Ty Bryan,Brandon Brendel,Daniel Booko,David V. Thomas,Amber Stevens,Ashika Gogna,Christian Salazar,Kevin Caira,Trey Sanford,Danny Ray McDonald II,Nikki Griffin,Vincent Laresca,Joey Crumpton,Lynda Boyd,Brian Goodman,Yôko Maki,Nathalie Kelley,Rie Shibata,Shad Moss,Toshi Hayama,Atley Siauw,Leonardo Nam,Kazuki Namioka,Hiroshi Hatayama,Jason Tobin,Keiko Kitagawa,Brian Tee,Sung Kang,Kaila Yu,Aiko Tanaka,Satoshi Tsumabuki,Alden Ray,Konishiki,Jimmy Lin,Caroline de Souza Correa,Silvia Suvadová,Keiichi Tsuchiya,Kazutoshi Wadakura,Verena Mei,Mari Jaramillo,Shôko Nakagawa,Mikiko Yano,Wendy Watanabe,Tina Tsunoda,Koji Kataoka,Shin'ichi Chiba,Tak Kubota,Stuart W. Yee,Mitsuki Koga,Hidesuke Motoki,NA,Toshio Ariki,Mitsuru Ôno,Chris Astoyan,April Betts,Ai Cherie,Willis Chung,Joshua Collins,Vin Diesel,Victoria Gracie,Jade Gzi,Alexis Hernandez,Jimmy Hsu,Harley Jay,Anant A.J. Jiemjitpolchai,Britten Kelley,Paul Leach,Sandra McCurdy,Rana Morrison,Tyler Nelson,Masami Okada,Jay Pangan,Erica Russell,Kevin Ryan,Tessa Sugay,Minn Vo";"Chris Morgan";"Ryan Kavanaugh,Amanda Lewis,Grace Morita,Neal H. Moritz,Lynwood Spinks,Clayton Townsend,Kazutoshi Wadakura,Chiaki Yamase";"Brian Tyler";"Stephen F. Windon";"USA,Germany";"English,Japanese";"Color";"drift racing,tokyo japan,car,challenge,drifting,illegal street racing,yakuza,mafia,speed,father son relationship,bathhouse,kissing,restaurant,subtitled scene,training,high school student,airport,police station,product placement,exploding car,held at gunpoint,pistol,opening action scene,handcuffs,arrest,cult film,cameo appearance,chase,showdown,fistfight,brawl,bloody nose,blood spatter,blood,punched in the face,punched in the nose,kiss,love triangle,love interest,boyfriend girlfriend relationship,violence,fight,fighting,tough guy,bald,teenage hero,teenager fighting adult,action hero,hero,lesbian kiss,car movie,phone video,pedestrian crossing,pay phone,parking garage,japanese high school,instant messaging,high school,bra removing,auto shop,uncle nephew relationship,street hustler,shibuya,plymouth road runner,naval officer,mountain road,little bo peep,gaijin,ford mustang,divorced family,cross cultural relationship,cowgirl,american expatriate,car crash,car accident,car chase,motor,third part,sequel,cult,car racing"
"Prestiz";"2006";"130";"Drama,Mystery,Thriller";"8.5";"698,458";"Christopher Nolan";"Hugh Jackman,Christian Bale,Michael Caine,Piper Perabo,Rebecca Hall,Scarlett Johansson,Samantha Mahurin,David Bowie,Andy Serkis,Daniel Davis,Jim Piddock,Christopher Neame,Mark Ryan,Roger Rees,Jamie Harris,Monty Stuart,Ron Perkins,Ricky Jay,J. Paul Moore,Anthony De Marco,Chao Li Chi,Gregory Humphreys,John B. Crye,William Morgan Sheppard,Sean Howse,Julia Sanford,Ezra Buzzington,James Lancaster,Olivia Merg,Zoe Merg,Johnny Liska,Russ Fega,Kevin Will,Edward Hibbert,Christopher Judges,James Otis,Sam Menning,Brian Tahash,Scott Davis,Jodi Bianca Wise,Nikki Glick,Enn Reitel,Clive Kennedy,Rob Arbogast,Chris Cleveland,NA,Basilina Butler,Erin Cipolletti,Ernest Heinz,Tim Pilleri,Wendy Rosoff,Gary Sievers,Inna Swann,Deanna Lynn Walsh,Jesse Wilde";"Jonathan Nolan,Christopher Nolan,Christopher Priest";"Christopher Ball,Valerie Dean,Jordan Goldberg,Christopher Nolan,Aaron Ryder,Charles J.D. Schlissel,Emma Thomas,William Tyrer";"David Julyan";"Wally Pfister";"USA,UK";"English";"Color";"magician,secret,rivalry,deceit,obsession,illusion,self duplication,19th century,double,jail cell,cockney accent,friend,diary,partner,magic trick,death,magic,twist at the end,protective husband,protective father,protective male,hairy chest,telling someone to shut up,two word title,revolver,human duplication,duplicating machine,duplication,duplicate,death by gunshot,death by drowning,artificial human,no opening credits,tied feet,theatrical agent,voice over diary,watch,rubber ball,underwater escape,hand injury,argument,door key,finger injury,restaurant,cafe,animal experimentation,cat,makeup,cage,ransacking,stagecoach,horse and carriage,horse,limping,hotel,journal,prestige,pledge,solicitor,attorney,lawyer,court,old man,chinese,gymnastic rings,playing cards,beer,kidnapping,headstone,tombstone,notebook,fake hanging,faked death,hangman's noose,shooting,lantern,royal albert hall london,girl,baby carriage,baby,workhouse,police,policeman,jail,fog,electrical generator,lightning,storm,rain,snow,cemetery,graveyard,montage,execution by hanging,execution,gallows,arm in a sling,candle,aunt nephew relationship,coffin,crypt,theatre audience,broken arm,dove,hand wound,canary,bird,boy,champagne,backstage,actor,invention,inventor,shackles,flashback within a flashback,pregnancy,locksmith,lock,dead body,infidelity,unfaithfulness,adultery,extramarital affair,flash forward,bullet,colorado,love,gun,year 1899,wizard,coin trick,bar,drunkenness,drink,drinking,illusionist,main character dies,parallel montage,water,water tank,voice over narration,two headed coin,trust,trap,trapdoor,train,top hat,theatre,sleight of hand,sabotage,morgue,mistress,man wearing a wig,transporting machine,light bulb,husband wife relationship,holding someone's head under water,held at gunpoint,hanged woman,handcuffs,funeral,friendship,framed for murder,flashback,fire,fingers shot off,father daughter relationship,falling through a staircase,falling through the floor,falling from height,fake moustache,fake accent,encryption,dying repeatedly,double barreled shotgun,disguise,devotion,deception,death of brother,dead bird,condemned to death,colorado springs,character says i love you,cane,brother brother relationship,broken finger,bouncing a ball,blood,black cat,betrayal,bare chested male,axe,killing an animal,steampunk,self inflicted injury,ambiguous ending,reference to thomas edison,doppelganger,secret twin,identity swapping,hidden identity,prison,duality,transportation,teleportation,electric fence,showmanship,sacrifice,revenge,death of wife,buried alive,finger cut off,tragedy,nonlinear timeline,twin,courtroom,1900s,1890s,electricity,twin brother,suicide,shot in the hand,shot in the chest,shot in the arm,severed finger,revelation,pistol,murder,loss of loved one,hanging,hanged man,corpse,broken leg,blind man,uncertainty principle,impostor,drowning,victorian era,catching a bullet,seance,london england,magician's assistant,based on novel,title spoken by character,surprise ending"
"Infiltracja";"2006";"151";"Crime,Drama,Thriller";"8.5";"730,093";"Martin Scorsese";"Leonardo DiCaprio,Matt Damon,Jack Nicholson,Mark Wahlberg,Martin Sheen,Ray Winstone,Vera Farmiga,Anthony Anderson,Alec Baldwin,Kevin Corrigan,James Badge Dale,David O'Hara,Mark Rolston,Robert Wahlberg,Kristen Dalton,Thomas B. Duffy,J.C. MacKenzie,Mary Klug,Peg Holzemer,Robert 'Toshi' Kar Yuen Chan,Gurdeep Singh,Armen Garo,John Cenatiempo,Joseph Riccobene,Billy Smith,Lyman Chen,Kevin P. McCarthy,Chris Fischer,Brian Smyj,William Severs,Larry Mitchell,Anthony Estrella,Andrew Breving,Tracey Paleo,Douglas Crosby,Dorothy Lyman,Audrie Neenan,Frank Mallicoat,Paula DeMers,Conor Donovan,Amanda Lynch,Sallie Toussaint,Patrick Coppola,Mick O'Rourke,Deborah Carlson,Nellie Sciutto,Peter Welch,Henry Yuk,Dennis Lynch,Michael Byron,William Lee,John Rue,Peter Crafts,Joseph P. Reidy,John Farrer,Paris Karounos,Brian Haley,Terry Serpico,Jay Giannone,John Polce,Bo Cleary,David Conley,Victor Chan,Jill Brown,Sarah Fearon,Tom Kemp,Denece Ryland,Zachary Pauliks,Daniel F. Risteen Jr.,Francis P. Hughes,Johnny Cicco,Chance Kelly,Shay Duffin,John McConnell,Kenneth Stoddard,Jeffrey Winter,Paddy Curran,Mark Philip Patrick,David Fischer,Walter Y.F. Wong,Tony M. Yee,Francesca Scorsese,Alex Morris,Emma Tillinger Koskoff,Craig Castaldo,NA,Richard Hughes,James P. Anderson,Andrew Aninsman,Dion Baia,Takumi Bando,Vincent Bivona,Eric Bruno Borgman,David Boston,Tracey Brennan,Brendan Burke,Shana Carr,Chris Chinn,Vic Clay,Desiree April Connolly,Jeffrey Corazzini,Ed Cuffe,Buddy Dolan,Jim Evans,James Michael Farrell,Steve Flynn,Shawn Fogarty,Jim Ford,Lorre Fritchy,Trudi Goodman,Mackenzie Hawe,Mark Hemphill,London Kim,Henry Kwan,Henry Laun,Crystal Lisbon,Steve Lord,Frank Mancuso,Oliver Martin,Adam Masnyk,Jack McCullough,Paul McGillicuddy,Robert Myers,Joseph Oliveira,Nicolas Quilter,Osmani Rodriguez,Alfredo Romeo Suarez,Steve Scarfo,Billy Silvia,John Wayland Somers,Lawrence Cameron Steele,Stream,Conor Timmis,Donna Wong,Gail Yudain";"William Monahan,Alan Mak,Felix Chong";"Michael Aguilar,G. Mac Brown,Doug Davison,Brad Grey,Kristin Hahn,Graham King,Roy Lee,Gianni Nunnari,Brad Pitt,Joseph P. Reidy,Rick Schwartz,Emma Tillinger Koskoff,Dan Lin";"Howard Shore";"Michael Ballhaus";"USA,Hong Kong";"English,Cantonese";"Color";"boston,police,undercover,mole,undercover cop,mobster,irish mafia,irish american,organized crime,mafia,violence,mob violence,crime epic,irish gangster,state police,criminal,informer,double life,friend,danger,investigation,arrest,police officer,dildo,sex joke,watching porn,main character dies,main character shot,mexican standoff,broken hand,tough guy,pistol,critically acclaimed,bloody violence,gore,date,fistfight,gunfight,street shootout,police shootout,kiss,kissing while having sex,boyfriend girlfriend relationship,sex in bed,iris shot,text message,lingerie,scantily clad female,cleavage,black panties,panties,two word title,shot on location,ice cream parlor,pakistani american,romantic triangle,polish slur,chinese mob,impotence,reference to shakespeare's macbeth,killed in an elevator,falling in love with one's analyst,man with glasses,subway,realtor,kitchen,bag of money,crime scene,bridge,tunnel,car accident,car crash,translator,swimming pool,mentor,fbi agent,prison,drugs,knife in the chest,stabbed in the chest,accidental killing,battering ram,indian american,car set on fire,molotov cocktail,held at gunpoint,comic book,cigarette lighter,hospital,abandoned warehouse,surveillance,italian american,irish accent,scottish accent,interview,torture,double cross,pool table,dinner date,convenience store,product placement,diner,revolver,uzi,silencer,suffolk county massachusetts,microchip,singing,singer,dunking face into a bowl of ice,two way mirror,tv monitor,pride,ira,beating a hand with a shoe,baggage handler,gun dealer,slide show,abandoned building,thrown from a building,china,taiwan,chinese slur,nasa,spy,warrant,oxycontin,standoff,mobile phone,police staff sergeant,police sergeant,captain,drawing,alleyway,snitch,watching an opera,watching a movie,river,pills,police cadet,one million dollars,duffel bag,insurance money,puerto rican american,graffiti,state trooper,flash camera,menstruation,police badge,eating,food,baseball cap,assault and battery,beacon hill boston,deerfield massachusetts,restaurant,cafe,police raid,limousine,massachusetts state trooper,governor,train,rooftop,waterfront,chase,chinatown boston,warehouse,female nudity,nudity,reference to jesus christ,reference to bruce lee,prescription,drawing on a table cloth,social security number,sonogram,cd player,cd,pregnancy,boat,begging to be killed,microphone,ambulance,patriot act,homeland security,caller id,handcuffs,wind chime,airport,angel costume,burial,earphones,hand bandage,blowing smoke rings,lawyer,beeper,stabbed with an ice pick,ice pick,harvard university,reference to notre dame university,theatre box,explosion,flashback within a flashback,guilt,confession,heart attack,hit over the head with a bottle,christian,firefighter,housing project,robbery,kneed in the crotch,kicking,nun,wiretapping,head injury,flowers,coffin,cemetery,graveyard,detective,valium,chinese american,underwear,fbi,pursuit,magnifying glass,doubt,liar,lie,african american,policeman uniform,target practice,policeman,psychoanalysis,knife,gun,beating,self deception,deception,dying,reference to knights of columbus,documentary footage,reference to abraham lincoln,reference to john lennon,black american,money,flashback,execution,uncle nephew relationship,arson,fight,irish slur,vagina,rain,drunkenness,montage,reference to william shakespeare,reference to nathaniel hawthorne,reference to sigmund freud,prologue,reference to james joyce,bar,beach,cell phone,hitman,heroin,police funeral,screaming,van,punched in the face,domestic violence,cigarette smoking,friendship,love,high heels,opera,mercilessness,surveillance camera,wedding ring,bitterness,jealousy,humiliation,bloodbath,gas station,shot in the forehead,killer,witness,fire,crying,destruction,porno theater,strangulation,prostitute,funeral,bag,shot in the knee,ambush,opera house,shooting,mind game,thong,broken glass,shotgun,head butt,infertility,blood,swamp,apartment,counter espionage,criminal syndicate,remake,ethnic conflict,bedroom,extramarital affair,shot in the face,church,blonde,grave side ceremony,rampage,bouncer,irish mob,home,psychiatrist,blood stain,hideout,water,racial prejudice,photograph,fondling,photography,drinking,long take,interrogation,lost identity,scream,torn shirt,car,breaking down a door,cranberry juice,military secret,parallel montage,running,tattoo,police station,watching tv,garrote,severed hand,gloves,racial slur,gay slur,apartment building,whistling,sex scene,pain,infidelity,betrayal,golf club,self inflicted gunshot wound,school bus,flag draped coffin,computer,jail,elevator,father figure,broken arm,bra,leather jacket,telephone call,police training,killing,racism,old man,black humor,stabbing,brunette,slap,spanking,suicide thoughts,anger,elite team,mob hit,obscene finger gesture,job promotion,golf,cocaine,dock,dead woman,shower,rage,penitentiary,machine gun,news report,crime boss,unsubtitled foreign language,hands tied behind back,bloody nose,blood spatter,police internal affairs,remake of asian film,cult film,police surveillance,drug dealer,triad,espionage,wound,shot in the leg,police car,murder witness,multiple murder,gunshot wound,drug addict,disfigurement,dead man,criminal gang,corruption,corrupt cop,cop killer,cop against cop,city,chinese mafia,brutality,beaten to death,asian gangster,dead woman on a beach,remake of chinese film,no title at beginning,no opening credits,switchblade,death of protagonist,thug,brawl,dark humor,murder,blood on shirt,bleeding to death,street gang,police corruption,mob boss,drug trade,shot to death,shot in the head,shot in the chest,shootout,police officer killed,police academy,informant,falling from height,exploding car,drug deal,death,ethnic slur,ethnic hatred,gangster,boston massachusetts,death of mother,death of friend,title spoken by character,surprise ending,badge"
"300";"2006";"117";"Action,Fantasy,War";"7.8";"539,217";"Zack Snyder";"Gerard Butler,Lena Headey,Dominic West,David Wenham,Vincent Regan,Michael Fassbender,Tom Wisdom,Andrew Pleavin,Andrew Tiernan,Rodrigo Santoro,Giovani Cimmino,Stephen McHattie,Greg Kramer,Alex Ivanovici,Kelly Craig,Eli Snyder,Tyler Neitzel,Tim Connolly,Marie-Julie Rivest,Sebastian St. Germain,Peter Mensah,Arthur Holden,Michael Sinelnikoff,John Dunn-Hill,Dennis St John,Neil Napier,Dylan Smith,Maurizio Terrazzano,Robert Paradis,Kwasi Songui,Alexandra Beaton,Frédéric Smith,Loucas Minchillo,Nicholas Minchillo,Tom Rack,David Francis,James Bradford,Andrew Shaver,Robin Wilcock,Kent McQuaid,Marcel Jeannin,Jere Gillis,Jeremy Thibodeau,Tyrone Benskin,Robert Maillet,Patrick Sabongui,Leon Laderach,Dave Lapommeray,Vervi Mauricio,Charles Papasoff,Isabelle Champeau,Veronique-Natale Szalankiewicz,Maéva Nadon,David Thibodeau,David Schaap,Jean Michel Paré,Stewart Myiow,Andreanne Ross,Sara Giacalone,Ariadne Bourbonnière,Isabelle Fournel,Sandrine Merette-Attiow,Elisabeth Etienne,Danielle Hubbard,Ruan Vibegaard,Genevieve Guilbault,Bonnie Mak,Amélie Sorel,Caroline Aspirot,Gina Gagnon,Tania Trudell,Stéphanie Aubry,Mercedes Leggett,Stephania Gambaroff,Chanelle Lamothe,Sabrina-Jasmine Guilbault,Manny Cortez Tuazon,Cindy,Atif Y. Siddiqi,Camille Rizkallah,Trudi Hanley,Neon Cobran,Gary A. Hecker,NA,Devin Delorme,Deke Richards,Darren Shahlavi,Marc Trottier,Duy Vo Van,Agnieshka Wnorowska";"Zack Snyder,Kurt Johnstad,Michael Gordon,Frank Miller,Lynn Varley";"Steve Barnett,Mark Canton,Wesley Coller,William Fay,Craig J. Flores,Bernie Goldmann,Scott Mednick,Frank Miller,Gianni Nunnari,Josette Perrotta,Nathalie Peter-Contesse,Jeffrey Silver,Deborah Snyder,Silenn Thomas,Thomas Tull,Ben Waisbren";"Tyler Bates";"Larry Fong";"USA";"English";"Color";"spartan,persian immortals,ancient world,number in title,persian,army,king,battle,greece,warrior,soldier,battle of thermopylae,queen,canyon,epic,honor,first part,son killed,strong female character,choke point,bullet time,anal sex,antiquity,blood splatter,digit in title,topless female nudity,arrow,stabbed in the stomach,virtual set,woman on top,nipples visible through clothing,bare butt,bare breasts,hopelessly outnumbered,violence,politics,voice over narration,persian empire,mongolian,kick,infanticide,historical fiction,gold,fighter,blood,archer,adultery,cult film,slavery,monster,machismo,phalanx,famous line,beefcake,madness,death,unreliable narrator,hyperrealism,female nudity,spear through chest,stabbed in the mouth,wolf,treason,told in flashback,speech,rite of passage,rape,prologue,mask,marriage,loyalty,helmet,harem,giant,eye patch,blockbuster,beach,animal attack,ambassador,lesbian kiss,spit in the face,lobster man,siege,sex,loss of husband,hand to hand combat,grenade,father son relationship,face slap,evisceration,disembowelment,cliff,archery,rhinoceros,ogre,falling off a cliff,sword,sword and sandal,spear,shield,pit,oracle,massacre,male nudity,love slave,falling from height,elephant,dismemberment,battle axe,disfigured nipples,trampled to death,stabbed in the shoulder,stabbed in the head,stabbed in the eye,stabbed in the chest,stabbed in the back,stabbed in the arm,severed leg,severed head,severed arm,loss of son,impalement,hunchback,gore,gash in the face,deformity,decapitation,corpse,child in peril,betrayal,beaten to death,ancient greece,based on graphic novel,slow motion scene,abdominals,bare chested male,dark horse comics,closing credits sequence,personality cult,studio logo segues into film,arabic stereotype,arab stereotype,this being sparta,no opening credits,5th century b.c.,title spoken by character"
"Casino Royale";"2006";"144";"Action,Adventure,Thriller";"8.0";"394,759";"Martin Campbell";"Daniel Craig,Eva Green,Mads Mikkelsen,Judi Dench,Jeffrey Wright,Giancarlo Giannini,Caterina Murino,Simon Abkarian,Isaach De Bankolé,Jesper Christensen,Ivana Milicevic,Tobias Menzies,Claudio Santamaria,Sebastien Foucan,Malcolm Sinclair,Richard Sammel,Ludger Pistor,Joseph Millson,Darwin Shaw,Clemens Schick,Emmanuel Avena,Tom Chadbon,Ade,Urbano Barberini,Tsai Chin,Charlie Levi Leroy,Lazar Ristovski,Tom So,Veruschka von Lehndorff,Andreas Daniel,Carlos Leal,Christina Cole,Jürgen Tarrach,John Gold,Jerry Inzerillo,Diane Hartford,Jessica Miller,Leo Stransky,Paul Bhattacharjee,Crispin Bonham-Carter,Simon Cox,Rebecca Gethings,Peter Notley,John Chancer,Peter Brooke,Jason Durran,Robert Jezek,Robert G. Slade,Félicité Du Jeu,Michaela Ochotská,Michael Offei,Makhoudia Diaw,Michael G. Wilson,Martina Duravolá,Marcela Martincáková,Vladimír Kulhavý,Valentine Nonyela,Dusan Pelech,Phil Meheux,Alessandra Ambrosio,Veronika Hladikova,Regina Gabajová,Olutunji Ebun-Cole,Martin Ucík,Vlastina Svátková,Miroslav Simunek,Ivan G'Vera,Jirí Lenc,Jaroslav Jankovsky,NA,Lasco Atkins,Greg Bennett,Richard Branson,Pete Britten,Martin Campbell,Tara Cardinal,Ben Cooke,Jan Loukota,Raj Parmar,Nigel Pilkington,Simona Roman,Sol E. Romero,Valarie Trapp,Gunther von Hagens";"Neal Purvis,Robert Wade,Paul Haggis,Ian Fleming";"Barbara Broccoli,Guido Cerasuolo,Callum McDougall,David Minkowski,Andrew Noakes,Matthew Stillman,Anthony Waye,David G. Wilson,Michael G. Wilson,Charlie Woebcken";"David Arnold";"Phil Meheux";"UK,Czech Republic,USA,Germany,Bahamas";"English,French";" Black and White";"free running,terrorist,money,montenegro,casino,banker,terrorism,death,uganda,prisoner,blood,violence,torture,secret service,bahamas,assassination,secret agent,747 236b prop,two word title,heineken beer,hotel receptionist,damsel in distress,jungle,action hero,ak 47,flood,mongoose,black and white prologue,bare chested male bondage,2000s,darkroom,tied to a chair,dead girl,returning character with different actor,off screen murder,dead woman with eyes open,dead woman,woman drowned,horse,lifting male in air,martini,fatal attraction,femme fatale,infidelity,playing cards,adultery,beach resort,security camera,secret device,gambling,gunfight,crane,soldier,pistol,foot chase,village,army,beating,flashback,passport,hostage,body bag,poisoned,machete,corpse,helicopter,siren,police arrest,exhibit,double cross,police officer,sailing boat,poker the card game,horse and carriage,police car,fire sprinkler,video camera,miami florida,horse riding,nassau bahamas,laptop computer,newspaper headline,pinball machine,prague czech republic,slow motion scene,lifting an adult into the air,martial arts,shotgun,held at gunpoint,exploding bus,killed in an elevator,trapped in an elevator,cia agent,corporal punishment,tough guy,blood spatter,walther p99,taser,attempted poisoning,foot pursuit,lifting someone into the air,cult figure,money laundering,aston martin,murder by gunshot,blood on shirt,altered version of studio logo,neck breaking,car chase,suspense,shootout,psychopath,mass murder,tanker,sequel mentioned during end credits,bond girl,balisong,rogue agent,stairwell,stabbing,male nudity,lost love,london england,drugged drink,car accident,building collapse,blockbuster,train,lagoon,hammock,gadget car,double agent,animated credits,electrocution,crushed to death,strangulation,stabbed in the chest,shot in the forehead,shot in the foot,shot in the chest,shot in the back,poison,murder,machine gun,heart attack,exploding body,bomb,silencer,shower,shot in the leg,shot in the head,shot in the eye,eye patch,explosion,drowning,computer,chase,cell phone,bodyworks,hit in the crotch,snake,origin story,yacht,wager,venice italy,terrorist base,surveillance,spa,italy,gadget,fight,cocktail,british secret service,beach,assassin,villa,swimming,super villain,south africa,restaurant,motorboat,madagascar,hotel,hospital,henchman,gambling syndicate,embassy,construction site,arch villain,airport,airplane,africa,prequel to sequel,parkour,official james bond series,penumbra,sequel,espionage,based on novel,title spoken by character,plot twist,surprise ending,reboot of series,cult film,flipping car"
"Ona to on";"2006";"105";"Comedy,Romance";"6.4";"98,070";"Andy Fickman";"Amanda Bynes,Channing Tatum,Laura Ramsey,Vinnie Jones,David Cross,Julie Hagerty,Robert Hoffman,Alexandra Breckenridge,Jonathan Sadowski,Amanda Crew,Jessica Lucas,Brandon Jay McLaren,Clifton MaCabe Murray,James Snyder,James Kirk,Emily Perkins,Robert Torti,Lynda Boyd,John Pyper-Ferguson,Katie Stuart,Colby Wilson,Jeffrey Ballard,Brenda McDonald,Patricia Idlette,Ken Kirby,Alberto Ghisi,David Richmond-Peck,Mark Acheson,Dee Jay Jackson,Debbie Timuss,Michelle Brownlee,Mara Branscombe,Katharine Horsman,Melissa Robertson,Alex Price,Natasha Gorrie,Deena Minichiello,Barbara Kottmeier,Chad Krowchuk,Cassandra Sawtell,Michelle Grigor,Stuart Cowan,Aaron Young,Justin Carvery,Andrew Hutson,Luca Bellisome,Giovanni Valente,Ivan Estrada,Glen Krizek,Evan Turner,Daniel Rogic,Alvaro Picado,Brady Horvath,Ryan Horvath,C.J. Greenside,Devon Greenside,Chris D'Andrea,Meysam Soltani,Struan Saddler,Andrew Reed,Luke Moger,Riyad Zuber,Jason Mosberian,Sofia Hildalgo,Deena Sparling,Melissa Howard,Nicola Elbro,Carly Barkley,Shannon McDonald,NA,Daniel Colletti,Sandra-Jessica Couturier,Michael Kozak,Duncan Pattillo,Tania Saulnier,Adrianna Spence";"Ewan Leslie,Karen McCullah,Kirsten Smith,Ewan Leslie";"Marty P. Ewing,Ewan Leslie,Gary Lucchesi,Tom Rosenberg,Lauren Shuler Donner";"Nathan Wang";"Greg Gardiner";"USA,Canada";"English";"Color";"soccer,school,twin,disguise,roommate,falling in love,crush,campus,girls' soccer,coach,boarding school,dental headgear,dental braces,shakespeare adaptation,reference to william shakespeare,claim in title,gender disguise,gender,gender bender,secret revealed,cross dressing,girl on boys team,woman dressed as man,girl dressed as boy,binding breasts,bigender,androgyny,dressing room,forbidden love,sports team,crossdresser,girl disguised as boy,female protagonist,girl with glasses,man with glasses,woman in man's clothes,wig,water poured over someone's head,voice mail,vindication,tryouts,transfer student,tomboy,teenager,teenage girl,teen movie,tampon,spider,soccer game,skipping school,sideburns,shower,shaving,sexism,secret,scheme,ringtone,punched in the face,pizza parlor,passing out,obsession,motion sickness,making out,lyrics,love triangle,looking at self in mirror,lifting weights,invitation,insult,insecurity,impersonation,hair stylist,geek,friendship,flirting,fitting in,fight,female athlete,face slap,ex boyfriend ex girlfriend relationship,dream sequence,divorced parents,frog dissection,disappointment,deception,debutante ball,changing clothes,cell phone,catfight,carnival,butt slap,british accent,breast flashing,breakup,break up,behavior modification,bald man,bad date,aspiring musician,london england,shakespeare's twelfth night,modern day adaptation,mother daughter relationship,father daughter relationship,family relationships,shakespeare in modern dress,high school shakespeare adaptation,locker room,kissing booth,high school,headmaster,debutante,dating,brother sister relationship,athlete,assumed identity,proving gender,woman dressed as a man,kiss,wilhelm scream,based on play"
"Diabel ubiera sie u Prady";"2006";"109";"Comedy,Drama,Romance";"6.8";"242,920";"David Frankel";"Meryl Streep,Anne Hathaway,Emily Blunt,Stanley Tucci,Simon Baker,Adrian Grenier,Tracie Thoms,Rich Sommer,Daniel Sunjata,David Marshall Grant,James Naughton,Tibor Feldman,Rebecca Mader,Jimena Hoyos,Gisele Bündchen,George C. Wolfe,John Rothman,Stephanie Szostak,Colleen Dengel,Suzanne Dengel,Heidi Klum,Valentino Garavani,Bridget Hall,Ines Rivero,Alyssa Sutherland,Robert Verdi,Paul Keany,David Callegati,Rori Cannon,Stan Newman,James Cronin,Eric Seltzer,Lindsay Brice,Steve Benisty,John Graham,Wells Dixon,NA,Ilona Alexandra,Andrea Bertola,Alexander Blaise,Marie Brandt,Carl Burrows,Carla Collado,Molyneau DuBelle,Pamela Fischer,Guy A. Fortt,L.J. Ganser,Alexie Gilmore,Scott Hatfield,Julie Jei,Vivian Kalinov,Andie Karvelis,Tim Krueger,Hector Lincoln,Nina Lisandrello,Stuart Lopoten,Ivan Magrin-Chagnolleau,Zev McAllister,Laura McDavid,Denis McKeown,Mateo Moreno,Matt Murray,Justin Restivo,Emily Sandberg,Ingrid Schram,Jennifer Scott,Bobby Shue,Caroline Slaughter,Brandhyze Stanley,Robert Stio,Taylor Treadwell,Mira Tzur,Lynne Valley,Donatella Versace,Lauren Weisberger,Laura D. Williams";"Aline Brosh McKenna,Lauren Weisberger";"John Bernard,Joseph M. Caracciolo Jr.,Wendy Finerman,Karen Rosenfelt";"Theodore Shapiro";"Florian Ballhaus";"USA,France";"English,French";"Color";"magazine,fashion,friend,job,editor,work,journalist,journalism,fashion industry,tears,dress,diet,physical appearance,coffee,fish out of water,career,new york city new york,bechdel test passed,strong female character,year 2006,2000s,claim in title,weight obsession,thinness,female protagonist,cafeteria,candle,montage,dog,purse,elevator,computer,mother daughter relationship,telephone call,receptionist,reception desk,subway,eating,food,leg in a cast,crutches,circular staircase,reference to j. k. rowling,reference to harry potter,train,bar,taxi,hit by a taxi,underwear,eyeliner,coming of age,townhouse,fired from the job,sex scene,kiss,crying,human resources,times square manhattan new york city,st. regis hotel manhattan new york city,boston massachusetts,radio city music hall manhattan new york city,central park manhattan new york city,manhattan new york city,cold the illness,illness,watching tv,ex husband ex wife relationship,husband wife relationship,makeup,dressing,panties,bra,brushing teeth,apology,fountain,champagne,photo gallery,happy birthday,u.s. national guard,face mask,fashion model,designer,potato,photograph,camera,photographer,microphone,interview,cooking,wine,cafe,publishing,woman with glasses,man with glasses,indifference,cerulean,women in business,twin,transformation,starbucks coffee,rivalry,restaurant,publisher,newspaper,new yorker magazine,limousine,hotel,handbag,couturier,broken leg,author,art gallery,she devil,fashion show,satire,told in flashback,precocious child,flashback,magazine editor,cheating on one's boyfriend,break up,adultery,vanity,single mother,shoes,paris france,morality,father daughter relationship,employer employee relationship,divorce,cupcake,boyfriend girlfriend relationship,boots,book,anger,college graduate,ambitious woman,career woman,northwestern university,blockbuster,betrayal,steak,skirt,roman a clef,poncho,photo shoot,museum,model,miami florida,incompetence,hurricane,hospital,haute couture,gown,eyeglasses,first job,driver,dinner,coat,clothing,car accident,birthday,friendship,confrontation,writer,new job,job interview,chef,cell phone,personal assistant,apartment,glamour,based on novel,actor shares first name with character,surprise ending"
"Labirynt fauna";"2006";"118";"Drama,Fantasy,War";"8.3";"400,784";"Guillermo del Toro";"Ivana Baquero,Sergi López,Maribel Verdú,Doug Jones,Ariadna Gil,Álex Angulo,Manolo Solo,César Vea,Roger Casamajor,Ivan Massagué,Gonzalo Uriarte,Eusebio Lázaro,Francisco Vidal,Juanjo Cucalón,Lina Mira,Mario Zorrilla,Sebastián Haro,Mila Espiga,Pepa Pedroche,Lalá Gatóo,Ana Sáez,Chani Martín,Milo Taboada,Fernando Albizu,Pedro G. Marzo,José Luis Torrijo,Íñigo Garcés,Fernando Tielve,Federico Luppi,Chicho Campillo,Pablo Adán,NA,Eduardo Aránega";"Guillermo del Toro";"Víctor Albarrán,Belén Atienza,Álvaro Augustín,Alfonso Cuarón,Guillermo del Toro,David Ebner,Edmundo Gil,Elena Manrique,Bertha Navarro,Frida Torresblanco";"Javier Navarrete";"Guillermo Navarro";"Spain,Mexico,USA";"Spanish";"Color";"spain,fairy,princess,faun,fairy tale,army,king,labyrinth,hiding,love,woods,servant,world war two,fantasy world,resistance,maze,forest,magical realism,dead child with eyes open,dead child,spanish horror,tyrant,stabbed in the chest,toad,stabbing,monster,kitchen,baby,thunderstorm,sacrifice,dress,dagger,spirit,housekeeper,fear,cook,euthanasia,wound,bathtub,statue,phonograph,gore,wheelchair,rebel,frog,magical stone,four word title,reference to dwight d. eisenhower,anarchist,anarchism,lifting a male into the air,lifting someone into the air,lottery ticket,cold feet,secret compartment,hourglass,orujo,lottery,prince,cooking hearth,female nudity,spy,umbrella,tied up,train wreck,singing,rifle,blooming flower,priest,birthmark,pocket watch,luger,memory,shot in the back,medal,grave,revolver,fever,communism,immortal,grenade,stone carving,cave,execution,song,reading,rationing,general,milking a cow,chauffeur,card playing,whispering,death by empty coca cola bottle,fire fight,lantern,nudity,promise,bandage,root,fig tree,mandrake,stitching one's own wound,military,stone arch,mud,polishing boots,sabotaged train,shaving,limousine,neck wound,father son relationship,coffin,infiltrator,calligraphy,reinforcement fighter,reference to franco,walking stick,vomit,rabbit hunting,propaganda,leech,record player,bread,discipline,tailor,horse riding,chalk,cavalry,battle,straight edge razor,rabbit,torture,eating,poison,hunting,key,mouth,gun,pain,tree,water mill,liar,burial,feast,suspenders,lullaby,transformation,captive,singer,farmer,injection,reference to dwight d eisenhower,book,shot in the face,violence,informer,horse,food,bubble bath,knife,eyeball,cowardice,echo,hand injury,beret,portal,fur stole,trickery,nurse,sedation,weapon,chase,rain,ration card,fireplace,cigarette smoking,ambush,bath,bravery,stepbrother stepsister relationship,monument,full moon,husband wife relationship,paramedic,antibiotic,rose,illness,recording,dead tree,syringe,lips,skeleton,hammer,cooking,train,punched in the face,mayor,lie,doctor,mirror,sabotage,binoculars,capture,imaginary child,child's imagination,hedge maze,alice in wonderland,voice over narration,tragic event,soldier,shooting,secret door,sadist,sadism,pregnancy,mouth wound,military uniform,knife held to throat,interrogation,insect,fascist,explosion,embryo,death,death of wife,death of girl,cutting one's mouth,child heroine,child abuse,child's point of view,magical creature,surrealism,stepfather stepdaughter relationship,talking to an unborn baby,mythical creature,morning sickness,mercy killing,magic book,eyes in hands,death in childbirth,cruelty,appearing ink,dark fantasy,cult film,spanish civil war,secret passage,ruthlessness,imagination,good versus evil,burned alive,brutality,afterlife,storytelling,small town,rescue,parallel world,parallel universe,magic,imaginary kingdom,fantasy becomes reality,creature,alternate dimension,queen,no title at beginning,shot in the head,no opening credits,tragedy,shot in the chest,hiding under a bed,war crime,stuttering,stabbed in the mouth,spanish resistance,self sacrifice,murder,military officer,loss of mother,guerrilla,giant animal,fetus,fascism,dying in childbirth,drugged drink,child murder,blood,amputation,mother daughter relationship,bludgeoning,1940s,death of mother,death of father,character name in title,surprise ending,girl,mexican horror"
"Superman: Powrót";"2006";"154";"Action,Adventure,Fantasy";"6.1";"223,204";"Bryan Singer";"Brandon Routh,Kate Bosworth,Kevin Spacey,James Marsden,Parker Posey,Frank Langella,Sam Huntington,Eva Marie Saint,Marlon Brando,Kal Penn,Tristan Lake Leabu,David Fabrizio,Ian Roberts,Vincent Stone,Jack Larson,Noel Neill,James Karen,Stephan Bender,Peta Wilson,Jeff Truman,Barbara Angell,Ian Bliss,Ansuya Nathan,Richard Branson,Sam Branson,Warwick Young,Bradd Buckley,Bill Young,Thomas Stewart,David Webb,Patricia Howson,Mirren Lee,Steve Ostrow,Hank Roberts,Jordana Beatty,Karina Bracken,Raelee Hill,Lee James,Michael Duggan,Keegan Joyce,Frederique Fouche,Julian Pulvermacher,Rebecca Barratt,Penelope Heath,Ted Maynard,Ed Wightman,Prue Lewarne,Paul Shedlowich,Barry Quin,Francine Bell,Genevieve Davis,Adrian Jarrett,Marcello Fabrizi,Donald McDonald,Robert Meyer Burnett,Terrell Dixon,Duff Watkins,Narelle Valentine,Rebecca Rocheford Davies,Wayne McDaniel,Lisa Harrison,Gerry Sont,Rohan Michael,Karen Pang,Monique Dykstra,Kevin Fisher,John Lucantonio,Rob Flanagan,Phillip Henry,Henry Browne,Darin Rossi,Aaron Chato,NA,Alison Araya,Andrew Cole,Michael Dougherty,Dan Ewing,Dan Harris,Darren K. Hawkins,Yutaka Izumihara,Angela Johnson,Sally Kimpton,Lara Lukich,Tony Newton,Courtney Powell,Bobby Roe,Brett Schroeder,Roger Sciberras,Jennifer Sciole,Suzie Steen,Taris Tyler,Rajan Velu,Gordon Waddell,Emma Whittaker,Robert Zurobski";"Michael Dougherty,Dan Harris,Bryan Singer,Michael Dougherty,Dan Harris,Jerry Siegel,Joe Shuster";"Gilbert Adler,William Fay,Stephen Jones,Chris Lee,Scott Mednick,Lorne Orleans,Jon Peters,Bryan Singer,Thomas Tull";"John Ottman";"Newton Thomas Sigel";"USA";"English,German,French";"Color";"crystal,epic,return to earth,christian parable,ocean,hope,fortress of solitude,kryptonite,retcon,two word title,budweiser,beer drinking,requel,box office flop,2000s,superhero,cheering crowd,oxygen mask,pulitzer prize,newscast,cityscape,spiral staircase,reference to prometheus,heavy seas,meteor impact,family farm,impersonation,wig,pomeranian dog,begins with text,seat belt,weightlessness,lockheed martin f 22 raptor,boeing b 29 superfortress,boeing 777,model railroad,sewer fire,ruptured gas line,earthquake,sonic boom,seaplane,geode,lightning,duet,playing a piano,computer password,tuxedo,grand piano,playing pool,zippo lighter,face slap,speaking german,meteorite,robbery,runaway vehicle,ford mustang,donation,slow motion action scene,minigun,bell uh 1 iroquois helicopter,eavesdropping,hailing a taxi,reading a newspaper,bell 206 jet ranger helicopter,baseball game,baseball stadium,inhaler,electromagnetic pulse,airliner evacuation slide,woman fainting,mob of reporters,lighting a cigar,rescue,fainting woman,single parent,camera shot of feet,slow motion,lifting someone into the air,lifting female in air,man with glasses,armed robbery,museum,flashback,newsroom,power outage,rural setting,north pole,family relationships,editorial office,famous opening theme,flying man,catching someone who falls,single mother,moll,emergency room,zero gravity,toy train,space shuttle,mount rushmore,helicopter,fainting,blackout,part computer animation,one man army,fictional city,criminal mastermind,cigar smoking,perry white,based on comic,e mail,train explosion,shot in the eye,scrabble,bald man,inheritance of superpowers,red cape,impossible love,illegitimate son,uncle nephew relationship,sick child,police chase,murderer,internet,fax machine,exploding planet,end of the world,drowning,dog,cornfield,childhood,cell phone,burglary,bully,city of tomorrow,yacht,speeding bullet,quitting smoking,flying,blockbuster,baldness,airplane accident,product placement,gatling gun,elevator,elevator shaft,repeated line,crushed to death,bullet time,x ray vision,tattoo,self sacrifice,piano,newspaper headline,love triangle,hospital,henchman,engagement,asthma,responsibility,kindness,idealism,honor,conscience,compassion,christ allegory,stabbed in the back,mother son relationship,toupee,reporter,photographer,megalomaniac,journalism,farm,falling from height,crash landing,based on comic book,growing up,father son relationship,good versus evil,secret identity,dc comics,hyper speed,police,invulnerability,origin of hero,super strength,super vision,transformation,super villain,super speed,dual identity,human alien,title spoken by character,character name in title"
"X-Men: Ostatni bastion";"2006";"104";"Action,Adventure,Sci-Fi";"6.8";"325,240";"Brett Ratner";"Hugh Jackman,Halle Berry,Ian McKellen,Patrick Stewart,Famke Janssen,Anna Paquin,Kelsey Grammer,James Marsden,Rebecca Romijn,Shawn Ashmore,Aaron Stanford,Vinnie Jones,Ellen Page,Daniel Cudmore,Ben Foster,Michael Murphy,Dania Ramirez,Shohreh Aghdashloo,Josef Sommer,Bill Duke,Eric Dane,Desiree Zurowski,Adrian Hough,Haley Ramm,Chris Claremont,Stan Lee,Cayden Boyd,Tanya Newbould,Anthony Heald,Cameron Bright,Connor Widdows,Kea Wong,Shauna Kain,Luke Pohl,Julian Richings,Lloyd Adams,Richard Yee,Via Saleaumua,Mei Melançon,Omahyra,Clayton Dean Watmough,Ken Leung,Julian Christopher,Brad Kelly,Makenzie Vega,Mi-Jung Lee,Benita Ha,Ron James,R. Lee Ermey,Lance Gibson,Aaron Pearl,Chelah Horsdal,John Pyper-Ferguson,Brenna O'Brien,Justin Callan,Alex Ferris,Peter Kawasaki,Ron Blecker,Emy Aneke,David Smith,NA,Ed Appleby,Zoltan Buday,Denis Corbett,Chris Duchaine,Elan Even,Christopher Fosh,Donna Goodhand,Robert Hayley,Mark Helfrich,Bryce Hodgson,Ryan Kenneth King,Dan McPeake,Tony Stef'Ano,John Andrew Vaas,Geoff White,Olivia Williams";"Simon Kinberg,Zak Penn";"Avi Arad,Lee Cleary,Ross Fanger,Kevin Feige,James M. Freitag,David Gorder,Stan Lee,John Palermo,Lauren Shuler Donner,Kurt Williams,Ralph Winter";"John Powell";"Dante Spinotti";"Canada,USA,UK";"English";"Color";"mutant,x men,battle,outrage,claw fight,breaking neck with legs,woman breaks man's neck,2000s,hdtv,dell,xbox 360,hand to hand combat,martial arts,kicked in the crotch,graveyard,funeral,surrealism,supernatural power,neck breaking,hyphen in title,cult film,reference to winston churchill,punctuation in title,scene after end credits,weather manipulation,disappointment,serum,blockbuster,no opening credits,superheroine,social commentary,racism,white house,washington d.c.,vaccine,tv news,san francisco california,rescue,pyrokinesis,prologue,private school,prison escape,presumed dead,new york,murder,mentor,lost love,levitation,lake,ice,hologram,holocaust survivor,forest,father son relationship,commando,chess,chase,california,cabinet officer,broken neck,brawl,airplane,alcatraz,massacre,wilhelm scream,blue fur,surprise attack,stabbed to death,stabbed in the chest,split personality,simulation,shot in the neck,shot in the chest,shot in the back,severed arm,returning character killed off,regeneration,loss of loved one,impalement,firestarter,female nudity,falling from height,exploding building,exploding body,death,crushed to death,betrayal,walking through a wall,teacher student relationship,surprise after end credits,loss of friend,ice skating,back from the dead,accidental killing,wings,wheelchair,u.s. president,telekinesis,shape shifter,morphing,metal manipulation,magnetism,golden gate bridge,claw,car accident,tragic villain,teenage superheroine,superhero,third part,sequel,superhero team,marvel comics,based on comic,based on comic book,death of friend,surprise ending"
"Krwawy diament";"2006";"143";"Adventure,Drama,Thriller";"8.0";"347,112";"Edward Zwick";"Leonardo DiCaprio,Djimon Hounsou,Jennifer Connelly,Kagiso Kuypers,Arnold Vosloo,Antony Coleman,Benu Mabhena,Anointing Lukola,David Harewood,Basil Wallace,Jimi Mistry,Michael Sheen,Marius Weyers,Stephen Collins,Ntare Guma Mbaho Mwine,Bouba Badiane,Ato Essandoh,Percy Matsemela,Ronnie Nyakale,Tony Kgoroge,Nick Reding,Klemens Becker,Akin Omotoso,Chiméne Costa,Dini Nondumo,Grant Swanby,Tau Maserumule,Adetokumboh M'Cormack,Martin Abdul-Jabbar,Gaurav Chopra,Karl McMillan,David S. Lee,Jonathan Pienaar,Sonni Chidiebere,Nnamdi Onyeiwu,Nhlanhla Mavimbela,Mfundo Pisani,Phado Bahola,Thabang Mothle,Buhle Seya,Sizwe Makapela,Tyrone Keogh,Winston Ntshona,Mduduzi Mabaso,Nathaniel Ramabulana,Zenzo Ngqobe,Mlungisi Hlophe,Carol Behane,Nigel Harman,Clare Holman,Kedibone Tholo,Koketso Mojela,NA,Irmelin DiCaprio,Ray Donn,Karen Haacke,Vanessa Haywood,Dan Hirst,Cordell McQueen,Scott Wickes";"Charles Leavitt,Charles Leavitt,C. Gaby Mitchell";"Len Amato,Kevin De La Noy,Gillian Gorfil,Josh Gummersall,Marshall Herskovitz,Genevieve Hofmeyr,Philip Key,Graham King,Ben Waisbren,Paula Weinstein,Edward Zwick";"James Newton Howard";"Eduardo Serra";"Germany,USA";"English,Mende,Afrikaans";"Color";"diamond,rebel,fisherman,sierra leone,smuggler,american,zimbabwe,journalist,mercenary,smuggling,redemption,refugee,fight,doctor,hiding,african,village,blood,refugee camp,civil war,jail,1990s,street shootout,two word title,father son estrangement,father child reunion,indoctrination,subjective camera,character's point of view camera shot,revolutionary united front,communism,firing squad,homelessness,wood carving,taxi,stretcher,photograph,chimpanzee,shantytown,street market,arson,sierra leone national anthem,gun,search,captain,van,cave,rifle,sex,cafe,family relationships,lantern,video camera,magazine,student,pickup truck,hanging a dead body,wine,engagement ring,vandalism,black market,walkie talkie,ivory,camera,freetown sierra leone,mirror,eye bandage,frisking,breaking a car windshield,thirty something,tent city,brainwashing,amputee,boat,soldier,ambush,molotov cocktail,money,grief,bicycle,orphanage,controversy,children,brutality,digging,morocco,target practice,montage,jail cell,fish,food,nudity,nihilist,razor blade,bartender,trafalgar square london,demonstration,cameraman,opportunist,beer,vineyard,terrorist,hit with a shovel,shenge sierra leone,cutting letters into one's arm,dog,murder of father,sierra leone civil war,tent,kimberley south africa,drink,apartheid,united nations,rebellion,mende the ethnic group,food distribution,child soldier,violence,scoundrel,revolutionary,hand bandage,forecariah guinea,reporter,crying,punched in the gut,car on fire,eating,song,singing,baboon,oil,news photographer,drug use,microphone,running,teacher,kono sierra leone,attack helicopter,ransacking,airfield,corpse,rain,father son relationship,elephant,belgium,binoculars,tattoo,watching tv,singer,boy,fire,child uses a gun,national geographic magazine,drinking,fishing,piggy back ride,dying,sunglasses,kidnapping,cynicism,pursuit,ritual,car explosion,goatherd,battle,hiv,protest,telephone call,knife,school,guard,tooth cap,greed,minibus,tattooing oneself,evacuation,baby,medic,soccer,dead body,photographer,machine gun,panning for diamonds,airplane,mobile phone,jewelry store,tv news,self cutting,hustler magazine,restaurant,roadside bomb,dancer,hand wound,cell phone,cnn,unicef,visa,torch,pilot,river,burying,war crime,blowing smoke in someone's face,drunkenness,rebel army,gold,chase,master slave relationship,vault,train tracks,colonel,dragging a dead body,surrender,red soil,sister sister relationship,tears,militia,hit with a rifle butt,kiss,shot point blank,mining,diamond mining,revolution,bombing,bomb,torture,cape town south africa,africa,thrown off a balcony,father daughter relationship,murder of mother,subtitled scene,brother sister relationship,mother daughter relationship,mother son relationship,husband wife relationship,prologue,street life,waterfront bar,blood diamonds,terrorism,wound,village set on fire,rocket launcher,mutilation,mutilated child,journalism,explosion,exploding car,armed child,anti hero,shooting,air raid,landscape,jewelry,angola,rape,car accident,hands cut off,racist comment,racial slur,ethnic slur,soldier of fortune,shooting gallery,self dentistry,rpg,prostitute,military training,machete,laptop computer,holding cell,goat,fisticuffs,female reporter,execution,dying man,diamond smuggler,cigarette smoking,child with a gun,car chase,bus ride,burning house,bludgeoning,beach,american abroad,teen drug use,shot to death,shot in the leg,shot in the head,shot in the chest,shot in the back,shot in the arm,severed arm,ex soldier,death,child rearing,murder of a child,bloody body of a child,blood splatter,betrayal,beaten to death,zimbabwean,south africa,shovel,shootout,severed hand,separation from family,rainstorm,murder,massacre,london england,liberia,jungle,hotel,helicopter,gunshot wound,guinea,eye patch,drugged,double cross,dancing,conference,child in peril,child in the military,bus,bridge,bar,antwerp belgium,airport,rescue,death of father,death of mother,death of child,death of friend"
"Noc w muzeum";"2006";"108";"Action,Adventure,Comedy";"6.4";"198,400";"Shawn Levy";"Ben Stiller,Carla Gugino,Dick Van Dyke,Mickey Rooney,Bill Cobbs,Jake Cherry,Ricky Gervais,Robin Williams,Kim Raver,Patrick Gallagher,Rami Malek,Pierfrancesco Favino,Charlie Murphy,Steve Coogan,Mizuo Peck,Kerry van der Griend,Dan Rizzuto,Matthew Harrison,Jody Racicot,Paul Rudd,Anne Meara,Martin Christopher,Martin Sims,Randy Lee,Darryl Quon,Gerald Wong,Paul Chih-Ping Cheng,Teagle F. Bougere,Pat Kiernan,Nico McEown,Meshach Peters,Matthew Walker,Jason McKinnon,Jono Lee,Jason Vaisvila,Cade Wagar,Cory Martin,Brad Garrett,Crystal the Monkey,NA,Ian Duffy,Che Landon,Gary Sievers,Owen Wilson";"Robert Ben Garant,Thomas Lennon,Robert Ben Garant,Thomas Lennon,Milan Trenc";"Michael Barnathan,Chris Columbus,Thomas M. Hammel,Shawn Levy,Josh McLaglen,Mark Radcliffe,Ira Shuman,Ellen Somers";"Alan Silvestri";"Guillermo Navarro";"USA,UK";"English,Italian,Hebrew";"Color";"museum,museum of natural history,watchman,night watchman,chaos,statue,skeleton,cowboy,t rex,divorced father,monkey,tyrannosaurus,animate skeleton,figurine,model car,model comes to life,statue comes to life,lifting someone into the air,museum of natural history manhattan new york city,manhattan new york city,central park manhattan new york city,brooklyn new york city,rome italy,slapstick comedy,fired from the job,historic figures as characters,old man beats up young man,faceless man,woolly mammoth,roman centurion,drinking fountain,custody,child custody,centurion,multiple cameos,frat pack,single father,battle,ancient egypt,zebra,urination,train,torso cut in half,snake,pilgrim,ostrich,native american,mammoth,hun,fire,explosion,elephant,civil war,catapult,biting,arrow,pathfinder,sunrise,lewis and clark,bookstore,whale,waxfigure,tour guide,television news,taxi,stockbroker,stagecoach,soldier,school,sacagawea,remote control car,pharaoh,person on fire,parking boot,new york city,mummy,maya,magic trick,lion,key,job interview,ice hockey,horse,general,flat tire,fire extinguisher,father son relationship,face slap,employment agency,egyptian curse,divorce,deceit,dancing,christopher columbus,chase,caveman,car accident,burglary,bubble gum,bone,blowgun,blockbuster,attila the hun,assault,animal attack,diorama,scene during end credits,theodore roosevelt,security guard,new job,model train,elevator,dinosaur"
"Auta";"2006";"117";"Animation,Adventure,Comedy";"7.2";"211,613";"John Lasseter,Joe Ranft";"Owen Wilson,Paul Newman,Bonnie Hunt,Larry the Cable Guy,Cheech Marin,Tony Shalhoub,Guido Quaroni,Jenifer Lewis,Paul Dooley,Michael Wallis,George Carlin,Katherine Helmond,John Ratzenberger,Joe Ranft,Michael Keaton,Richard Petty,Jeremy Clarkson,Jeremy Piven,Bob Costas,Darrell Waltrip,Richard Kind,Edie McClurg,Humpy Wheeler,Tom Magliozzi,Ray Magliozzi,Lynda Petty,Andrew Stanton,Dale Earnhardt Jr.,Michael Schumacher,Jay Leno,Mario Andretti,Sarah Clark,Mike Nelson,Jonas Rivera,Lou Romano,Adrian Ochoa,E.J. Holowicki,Elissa Knight,Lindsey Collins,Larry Benton,Douglas Keever,Tom Hanks,Tim Allen,Billy Crystal,John Goodman,Dave Foley,Jack Angel,Michael Bell,Bob Bergen,Susan Blu,Andrea Boerries,Marco Boerries,Rodger Bumpass,Torbin Xan Bullock,Richard Cawood,Scott Clark,Kathy Coates,John Cygan,Jennifer Darling,Paul Eiding,Bill Farmer,Brian Fee,Teresa Ganzel,Craig Good,Jess Harnell,Artie Kempner,Hooman Khalili,Sonoko Konishi,Erik Langley,Sherry Lynn,Danny Mann,Mickie McGowan,Laraine Newman,Teddy Newton,Colleen O'Shaughnessey,Bob Peterson,Steve Purcell,Jan Rabson,A.J. Riebli III,Dan Scanlon,Stephen Schaffer,Ken Schretzmann,Bob Scott,Matt Staudt,Jay Ward,Jim Ward,Colette Whitaker,NA,Sheryl Crow";"John Lasseter,Joe Ranft,Jorgen Klubien,Dan Fogelman,John Lasseter,Joe Ranft,Kiel Murray,Phil Lorin,Jorgen Klubien,Bonnie Hunt,Robert L. Baird,Daniel Gerson,Don Lake,Steve Purcell,Dan Scanlon";"Darla K. Anderson,Thomas Porter";"Randy Newman";"Jeremy Lasky";"USA";"English,Italian,Japanese,Yiddish";"Color";"truck,car,california,race car,friendship,route 66,trophy,tow truck,small town,selfishness,los angeles california,desert,nightmare,jealousy,bully,italian american,african american,mexican american,italian,blimp,bird,bull attack,bull,cow,arizona,asphalt,motor,wilhelm scream,keep out sign,car movie,car boot,gratitude,anthropomorphic car,stockholm syndrome,one word title,flashback,price of fame,nascar,fish out of water,culture clash,auto racer,gay character,all american,car crash,no opening credits,automobile racing,ford model t,fighter jet,airplane,wager,sportsmanship,sports agent,watching a movie,sheriff,secret past,rivalry,reporter,prank,police chase,neon sign,mistaken identity,mini van,merchant,makeover,loyalty,lawyer,insect,humvee,hippie,gas station,fire truck,paving,fantasy sequence,fainting,drive in theater,courtroom,blockbuster,automobile,asleep at the wheel,1950s,surprise after end credits,scene during end credits,confetti,waterfall,volkswagen bus,volkswagen beetle,traffic light,tractor,tv news,suv,statue,star spangled banner,speed trap,sneeze,skywriting,security guard,running out of gas,road sign,road repair,railroad crossing,pylon,ingratitude,night vision,motel,map,judge,jeep,instant replay,helicopter,garage,forklift,fluorescent light bulb,fireworks,ferrari,driving backwards,dream sequence,chain link fence,car accident,camper,cactus,bumper sticker,bridge,billboard,alarm clock,computer animation,actor shares first name with character"
"Przygoda na Antarktydzie";"2006";"120";"Adventure,Drama,Family";"7.3";"43,513";"Frank Marshall";"Paul Walker,Bruce Greenwood,Moon Bloodgood,Wendy Crewson,Gerard Plunkett,August Schellenberg,Jason Biggs,D.J.,Timba,Koda,Jasmin,Apache,Buck,Noble,Troika,Flapjack,Dino,Sitka,Chase,Floyd,Ryan,Jasper,Lightning,Belinda Metz,Connor Christopher Levins,Duncan Fraser,Dan Ziskie,Michael David Simms,Daniel Bacon,Laara Sadiq,Malcolm Stewart,Dexter Bell,Garry Chalk,Brenda Campbell,Michael Adamthwaite,Buddy Cain,Damon Johnson,Richard Sali,Panou,NA,Megan McKinnon,Levi Woods";"David DiGilio,Toshirô Ishidô,Koreyoshi Kurahara,Tatsuo Nogami,Susumu Saji";"Gary Barber,Roger Birnbaum,Patrick Crowley,David Hoberman,Christine Iso,Masaru Kakutani,Roy Lee,Todd Lieberman,Frank Marshall";"Mark Isham";"Don Burgess";"USA";"English";"Color";"dog,sled dog,survival,rescue,expedition,starved to death,starving,death of dog,malamute,husky dog,foreign language adaptation,blizzard,washington d.c.,underwater,trailer home,seal,poker,outdoorsman,new zealand,meteorite,loyalty,hospital,glacier,frostbite,falling through ice,death of pet,cartographer,carcass,broken leg,bird,bar,banquet,aurora australis,animal attack,1990s,tent,scientist,pilot,pasadena california,oregon,helicopter,friendship,dog sled,antarctica,airplane,remake,based on true story"
"Mala miss";"2006";"101";"Adventure,Comedy,Drama";"7.9";"316,281";"Jonathan Dayton,Valerie Faris";"Abigail Breslin,Greg Kinnear,Paul Dano,Alan Arkin,Toni Collette,Steve Carell,Marc Turtletaub,Jill Talley,Brenda Canela,Julio Oscar Mechoso,Chuck Loring,Justin Shilton,Gordon Thomson,Steven Christopher Parker,Bryan Cranston,John Walcutt,Paula Newsome,Dean Norris,Beth Grant,Wallace Langham,Lauren Shiohama,Mary Lynn Rajskub,Jerry Giles,Geoff Meed,Matt Winston,Joan Scheckel,Casandra Ashe,Mel Rodriguez,Alexandria Alaman,Alissa Anderegg,Brittany Baird,Cambria Baird,Brenae Bandy,Kristen Holaas,Maliah Hudson,Destry Jacobs,Lindsey Jordan,Shane Murphy,Annabelle Roberts,Sydni Stevenson-Love,Nicole Stoehr,Lauren Yee,NA,Erik David Barber,Terry Bolo,Marc De'Antone,Tara Dawn Holland,Ksenia Jarova,Alva Loomis,Robert O'Connor,Regis Philbin,Melissa Roberts,Matthew W. Tate";"Michael Arndt";"Albert Berger,Michael Beugg,Jeb Brody,David T. Friendly,Bart Lipton,Peter Saraf,Marc Turtletaub,Ron Yerxa";"Mychael Danna,DeVotchKa";"Tim Suhrstedt";"USA";"English";"Color";"graduate student,sprite,sister sister relationship,remote control,fat,pageant,vow of silence,california,drugs,speaker,motivational speaker,loser,book,beauty pageant,van,cross country trip,cross country,on the road,vw bus,talent contest,journey,winner,redondo beach california,gas station,beach,gay,suicidal,homosexual,heroin,title directed by female,child beauty pageant,tween girl,directorial debut,social satire,black comedy,directed by several directors,bechdel test passed,highway travel,roadtrip,girl with glasses,gay pornography,three word title,reference to marcel proust,mcdonald's glasses,war wound,suburb,irreverence,fired from the job,teenager,talent show,talent pageant,talent audition,stripping,mute,mute boy,drug snorting,reference to friedrich nietzsche,no opening credits,quest,parenthood,deadpan,beauty contest,affection,writing,wheelchair,watching tv,waitress,uncle niece relationship,uncle nephew relationship,telephone call,teenage boy,tears,teacher,teacher student relationship,suffering,speech,song,singer,scottsdale arizona,sarcasm,running,reckless driving,reading,pushing car,pride,popcorn,pier,pay phone,packing,optimism,old man,motor bike,mother son relationship,mother daughter relationship,money,miss california,mirror,master of ceremonies,make up,magazine article,innocence,husband wife relationship,hospital waiting room,highway patrolman,helmet,hair styling,grandfather grandson relationship,grandfather granddaughter relationship,garage,freeway,freak out,food,flight school,father son relationship,father daughter relationship,family relationships,eyeglasses,eye test,drug use,dressing room,doctor,death of grandfather,dead body,dancer,crying,convenience store,computer,cigarette smoking,cell phone,car horn,businessman,biker,begging,bandaged wrists,auto mechanic,audience,argument,apology,answering machine,ambulance,albuquerque new mexico,porn magazine,homosexuality,screaming,notepad,fried chicken,dysfunctional family,driving,new mexico,brother sister relationship,arizona,striptease,volkswagen bus,singing,road trip,road rage,police,motel,mental hospital,ice cream,hospital,hatred,failure,drug addiction,diner,death,dancing,color blind,child star,car trouble,death of father,independent film,title spoken by character"
"Apocalypto";"2006";"139";"Action,Adventure,Drama";"7.8";"214,541";"Mel Gibson";"Rudy Youngblood,Dalia Hernández,Jonathan Brewer,Morris Birdyellowhead,Carlos Emilio Báez,Amilcar Ramírez,Israel Contreras,Israel Ríos,María Isabel Díaz,Espiridion Acosta Cache,Mayra Serbulo,Iazua Larios,Lorena Heranandez,Itandehui Gutierrez,Sayuri Gutierrez,Hiram Soto,José Suárez,Raoul Trujillo,Gerardo Taracena,Rodolfo Palacios,Ariel Galvan,Bernardo Ruiz,Ricardo Diaz Mendoza,Richard Can,Carlos Ramos,Ammel Rodrigo Mendoza,Marco Antonio Argueta,Javier Escobar,Fernando Hernandez,Maria Isidra Hoil,Aquetzali García,Abel Woolrich,Antonio Monroi,Nicolás Jasso,Ronaldo Eknal,Miriam Tun,Rafael Velez,Diana Botello,Joaquin Rendon";"Mel Gibson,Farhad Safinia";"Vicki Christianson,Bruce Davey,Ned Dowd,Mel Gibson,Sergio Miranda,Farhad Safinia";"James Horner";"Dean Semler";"USA";"Maya";"Color";"jaguar,mayan,pregnant wife,tribe,forest,village,solar eclipse,prophecy,hunting,temple,human sacrifice,maya,sailing ship,bonfire,pregnant woman,death of loved one,tied up,pushed from height,killing an animal,jumping into water,jumping from height,hand to hand combat,combat,mayan indian,black cat,blood splatter,public nudity,public humiliation,prank,nudity,nightmare,male rear nudity,male full back nudity,male frontal nudity,loincloth,bare butt,arrow,hunted turns hunter,man hunt,english subtitles in original,wound,violence,corpse,explorer,ancient civilization,savagery,village set on fire,river,rain,mud,knife,heart in hand,drought,club,children,survival,vomit,snake,ship,panther,boar,torture,tattoo,star gazing,shaved head,ring,queen,metaphysical,grave,flower,crossbow,no title at beginning,no opening credits,poisonous frog,frog,blow pipe,stabbed in the throat,stabbed in the chest,stabbed in the arm,shot through the mouth,shot in the head,shot in the chest,shot in the back,severed head,poison,mauling,head on a stake,gash in the face,female nudity,death,bare breasts,bleeding to death,bitten in the throat,beaten to death,axe,underwater childbirth,blowgun,mass grave,waterfall,underwater,tribal warfare,tree,topless female nudity,throat slitting,testicles,tapir,stabbing,spear,snake bite,wrist slitting,slavery,separation from family,river rapids,rape,rainstorm,quicksand,pyramid,pregnancy,practical joke,pit,murder,mother son relationship,mother daughter relationship,monkey,migration,marriage,male nudity,loss of wife,loss of son,loss of father,jungle,insect,impalement,hunter,father son relationship,falling from height,epidemic,dream sequence,decapitation,dagger,cornfield,cliff,childbirth,chase,beehive,beach,archery,animal trap,animal attack,16th century,heart ripped out,blood,gore,central america,death of friend,surprise ending"
"W pogoni za szczesciem";"2006";"117";"Biography,Drama";"7.9";"293,659";"Gabriele Muccino";"Will Smith,Jaden Smith,Thandie Newton,Brian Howe,James Karen,Dan Castellaneta,Kurt Fuller,Takayo Fischer,Kevin West,George Cheung,David Michael Silverman,Domenic Bove,Geoff Callan,Joyful Raven,Scott Klace,Rashida Clendening,Eric Schniewind,Peter Fitzsimmons,Maurice Sherbanee,Zuhair Haddad,Victor Raider-Wexler,Mark Christopher Lawrence,Darryl Fong,George Maguire,Joe Nunez,Adam Del Rio,Rocky LaRochelle,Erin Beers,Rueben Grundy,Ming Lo,John Kovacevich,Bonnie Akimoto,Stu Klitsner,Esther Scott,Tina D'Elia,Cecil Williams,David Fine,George Moffatt,Amir Talai,Mike Garibaldi,Jason Frazier,Kevin Crook,David Haines,James Finnerty,Abigail Van Alyn,Bob Greene,Robert Anthony Peters,Terri Orth-Pallavicini,John Robb,Daniel Wilder,Cathy Fithian,Keith Stevenson,Jeff Applebaum,Victor Hoagland,Richard Bischoff,Edward Donlin,Larry Hunt,Rose Aispuro,Arbin C. Kumar,The Glide Ensemble,Jerry Edward McLilly,Shareef Allman,Jeffrey Moon,Peaches Hutchinson,Brandon Deadwiler,Tateanna Wheeler-Lezine,Karen Kahn,NA,Alissa Anderegg,Martin Andris,Elise Angell,Regina Antoinette,Phil Austin,Rick Camp,Doug Campbell,Stefano Capone,Brad Carr,Molly Celaschi,Cabran E. Chamberlain,Baldwin Chiu,Kimberly Contreras,James Cotner,Alexander Cukor,Zachary Culbertson,Bill Dietz,Ryan Else,Travis Fields,Yeena Fisher,Garrett Forbes,Ben Fritz,Chris Gardner,Daryl Anthony Harper,David Kiiskinen,Shawn Kresal,Brendan Kruse,Mark Lavell,Steven Lindo,Tyler MacNiven,Tommy Maples,Kenny Santiago Marrero,David Pearl,David Alan Poe,Steve Potts,Rob 'Captain Rob' Robinson,John Patrick Shulak,Donn Andrew Simmons,William Paul Smith,Phil Talsky,Adam Wang,Cindy Warner";"Steve Conrad";"David Alper,Todd Black,Jason Blumenthal,Mark Clayman,Louis D'Esposito,Chris Gardner,James Lassiter,Will Smith,Steve Tisch,Teddy Zee";"Andrea Guerra";"Phedon Papamichael";"USA";"English,Cantonese";"Color";"internship,stockbroker,salesman,inspiring story,passion,innovation,hardwork,selling blood,living in hotel,job interview,intern,flat broke,knock knock joke,time lapse photography,chinatown san francisco,real life father and son playing father and son,blockbuster,taxi,stadium,motel,marriage,bus,american football,ambition,unhappy marriage,troubled marriage,rubik's cube,hospital,homeless shelter,hit by a car,financial problem,eviction,break up,intentionally misspelled title,single father,san francisco california,homelessness,father son relationship,1980s,rags to riches,based on true story,title spoken by character,time machine,hippie"
"Potega strachu";"2006";"122";"Action,Crime,Drama";"7.5";"84,062";"Wayne Kramer";"Paul Walker,Cameron Bright,Vera Farmiga,Chazz Palminteri,Karel Roden,Johnny Messner,Ivana Milicevic,Alex Neuberger,Michael Cudlitz,Bruce Altman,Elizabeth Mitchell,Arthur J. Nascarella,John Noble,Idalis DeLeon,David Warshofsky,Jim Tooey,Thomas Rosales Jr.,Morgan Johnson,Jamba Mulimbwe,Maurice Lee,Viktor Cervenka,Oakley Lehman,Jan Kohout,Jeffrey Smith,Karen Joy Cifarelli,Brian Caspe,Ryan James,Ellen Savaria,Jiri Simberský,Petr Horacek,Miroslav Lhotka,William Byrd Wilkins,Ephraim Goldin,Matthew Blood-Smyth,Julian Littman,Katerina Novotná,James Lambert,Howard Lotker,David Monteiro,Jeff Caster,Todd Kramer,Clara Perez,Andrew Jopson,Louise De Stexhe,Eddie Otero,Andrea Vybiralova,Monika Podzimkova,Jan Vosmik,Roman Kracik,Václav Bednár,Glenn Wrage,NA,Evangeline,Ryan Hanley";"Wayne Kramer";"Tony Grazia,Andreas Grosch,Stewart Hall,Sammy Lee,Matt Luber,Andrew Pfeffer,Michael A. Pierce,Brett Ratner,Andreas Schmid,Kevan Van Thompson,Jeff G. Waxman";"Mark Isham";"Jim Whitaker";"Germany,USA";"English,Russian";"Color";"adult child friendship,fistfight,gangster,pimp,pedophile,killer child,boy kills man,12 year old,pre teen,young boy,no opening credits,woman wearing a thong,shot in the groin,slow motion scene,hundred dollar bill,american flag,grave side ceremony,car crash,mustang convertible,tattoo,blow torch,obscene finger gesture,ice cream cone,hitting a woman,chewing gum,inhaler,undercover cop,ankle holster,straight razor,ski mask,pump action shotgun,face slap,topless female nudity,cult film,bullet through a window,reference to john wayne,violence,methamphetamine,shot multiple times,closing credits sequence,police investigation,police corruption,organized crime,mafia,russian american,ice skating,ice rink,russian mafia,depiction of corrupt society,female rear nudity,racism,urban nightmare,illness,sewer,irresponsibility,disgust,american dream,racial slur,racial prejudice,racial discrimination,ethnic slur,gore,semtex,toilet,strip club,prostitute,ice hockey,hockey puck,funeral,cell phone,black light,bathroom,undercover agent,throat slitting,suicide,shotgun,shot to death,shot in the stomach,shot in the shoulder,shot in the leg,shot in the head,shot in the forehead,shot in the crotch,shot in the chest,shot in the back,shootout,severed ear,police officer killed,pistol,pistol whip,person on fire,murder,knife,kidnapping,head butt,head blown off,gash in the face,female frontal nudity,fbi agent,faked death,exploding house,exploding building,exploding body,biting someone's ear,drug dealer,death,child with gun,child uses gun,child pornography,child abuse,car accident,broken finger,blood,blood spatter,achilles tendon cut,surprise ending,dirty cop,corrupt cop"
"John Tucker musi odejsc";"2006";"89";"Comedy,Romance";"5.7";"59,204";"Betty Thomas";"Jesse Metcalfe,Brittany Snow,Ashanti,Sophia Bush,Arielle Kebbel,Penn Badgley,Jenny McCarthy,Fatso-Fasano,Kevin McNulty,Patricia Drake,Amanda Li,Jeffrey Ballard,Taylor Kitsch,Steve Bacic,Dean Wray,Johnny Cuthbert,Aaron Dudley,Marc Menard,Dan Payne,Mercedes de la Zerda,Brendan Penny,Taurean Mills,Nicole LaPlaca,Chelan Simmons,Nancy J. Lilley,Yalda Etessam,Devon Weigel,Alf Humphreys,Woody Jeffreys,Samantha McLeod,Diana Ha,Donald Fong,Karlie Locke,Stephanie A. Locke,Fulvio Cecere,Lucas McCann,Bruce Morrison,Barbara Kottmeier,Nicki Clyne,Katya Virshilas,Nicole Fraissinet,Stuart Cowan,Julie Patzwald,Connor Widdows,People in Planes,Kristian Blight,Gareth Jones,John Maloney,Peter Roberts,Ian Russell,Amanda Crew,Emily Tennant,Victor Z. Isaac,Braden Williams,Kyle C. Coleman,Greg Cipes,Amber Borycki,Meghan Ory,Alan Shearman,Archie Hahn,NA,Chelsea Florko,Angela Fong,Jessica Harmon,Maggie Ma,Collin McDowell,Heather McEwen,Steffinnie Phrommany,Stephane Savoie";"Jeff Lowell";"Michael Birnbaum,Bob Cooper,Marc S. Fischer,Karen Lunder,Steve Rubenstein";"Richard Gibbs";"Anthony B. Richmond";"USA,Canada";"English";"Color";"single mother,school,dating,cheerleader,woman wearing a metalic bikini,woman popping out of a cake,chocolate cake,wristwatch,visible thong straps,trick shot,male wearing a thong,man wearing a towel,video conferencing,sloop,woman wearing red lingerie,boys' locker room,flatulence,flooded engine,dingy,short circuit,electric shock,goodnight kiss,sprayed with water,lawn sprinkler,hemp bra,flower delivery,kissing lesson,women kissing,toasting a mashmallow,beach party,wearing a wire,woman wearing black lingerie,kink in the neck,white rose,bare midriff,drugged,estrogen pill,technical foul,chemistry lab,soldium chloride solution,graduated cylinder,beaker,meniscus,girls physical education class,volleyball,girls fighting over a boy,hit with a serve,winking,acute angina,falling down stairs,cupcake,woman crying,kissing in public,tongue tied,curtsy,team mascot,team captain,basketball star,roller hockey,street hockey,spelling bee,eating cake icing,sexy mother,brownie,romantic rivalry,claim in title,title directed by female,man wearing womans panties,male wearing thong,exposed thong underwear,hotel room,hotel,estrogen,new home,new student,unpopular girl,promiscuous mother,mother daughter relationship,female friendship,female bonding,scene during end credits,brother brother relationship,bumping heads,food fight,high school basketball,ex boyfriend ex girlfriend relationship,philanderer,hiding in a car,yacht,photograph,internet chat,laptop,webcam,hidden camera,video camera,secret filming,locker room,womanizer,teenage girl,popularity,player,manipulation,lie,high school friend,guilt,boyfriend girlfriend relationship,bare chested male,back stabbing,teen movie,lesbian kiss,girl kissing girl,sexual humor,waitress,student,friendship,first date,digital camera,computer,chemistry,cheating,camera,break up,boat,birthday,birthday party,basketball team,basketball player,athlete,thong,teenager,revenge,premarital sex,high school,cheating on girlfriend,basketball,character name in title"
"Maria Antonina";"2006";"123";"Biography,Drama,History";"6.4";"71,677";"Sofia Coppola";"Kirsten Dunst,Jason Schwartzman,Judy Davis,Rip Torn,Rose Byrne,Asia Argento,Molly Shannon,Shirley Henderson,Danny Huston,Marianne Faithfull,Mary Nighy,Sebastian Armesto,Jamie Dornan,Aurore Clément,Guillaume Gallienne,James Lance,Al Weaver,Tom Hardy,Steve Coogan,Clara Brajtman,Mélodie Berenfeld,Jean-Christophe Bouvet,Io Bottoms,Céline Sallette,André Oumansky,Natasha Fraser-Cavassoni,Jean-Paul Scarpitta,Lucien Rolland,Clémentine Poidatz,Camille Micelli,Paul Fortune,Alexia Landeau,Joe Sheridan,Katrine Boorman,Sarah Adler,Jean-Marc Stehlé,Paul Jasmin,Francis Leplay,Mathieu Amalric,Carlo Brandt,Raphaël Neal,John Arnold,Scali Delpeyrat,Chloé Van Barthold,Phoenix,Lauriane Mascaro,Gaëlle Bona,William Doherty,Florrie Betts,Dominic Gould,Jago Betts,Axel Küng,Driss Hugo-Kalff,Fabrice Scott,Alain Doutey,Bo Barrett,Joseph Malerba,Laurent Cotillard,NA,Susan Graham,Xavier Bonastre,Daniel Delfosse,Sabine Glaser,Manon Grosset,Charles Hurez,Philippe Héliès,Laurent Koffel,Johann Lorillon,François-Xavier Noah,Jeanne Raimbault,Paddy Sherlock,David Walliams";"Sofia Coppola";"Francis Ford Coppola,Sofia Coppola,Callum Greene,Ross Katz,Christine Raspillère,Paul Rassam,Fred Roos";"";"Lance Acord";"USA,France,Japan";"English,Latin,French";"Color";"marie antoinette,queen,versailles,austria,cake,austrian,marriage,empress,scandal,shoes,birth,masquerade ball,masquerade party,masquerade,female star appears nude,crystal chandelier,chandelier,male virgin,virgin,up all night,sunrise,harp,ritual,political adviser,tradition,pet dog,rite,custom,buttocks,opera singer,reference to jean jacques rousseau,diva,title directed by female,playing a harpsicord,public nudity,powdered wig,tricorne,locket,stagecoach,alternative reality,lifting someone into the air,female protagonist,clothing,elephant,emperor of china,jasmine tea,harpsichord,parrot,maria theresa empress of austria,bastille,extravagance,decadence,portrait painting,juggler,snuff,compte,sister in law sister in law relationship,billiards,fiance fiancee relationship,belch,mistress,reading,brothel,palace,beagle,hunting,annulment,unconsummated marriage,father son relationship,grandfather grandson relationship,dauphine,dauphin,vienna austria,painting,cameo pin,feather,dice,taxes,self indulgence,american revolution,eye mask,sister sister relationship,applause,reference to madame dubarry,sailboat,rowboat,swedish soldier,french soldier,reference to thomas jefferson,reference to mozart,reference to alexander the great,flowers,spy,humiliation,doctor,happy birthday,birthday cake,birthday party,birthday,storytelling,diamonds,candy,maid,bride and groom,bed,theatre,theatre audience,illness,smallpox,jewelry,baby,candle,tent,sword,apple strudel,musician,lawn croquet,mourning,horse drawn hearse,coffin,death of baby,death of king,death,game playing,card playing,dancing,dancer,priest,crossing self,catholic,undressing,bare butt,topless female nudity,bare breasts,female nudity,nudity,hair dresser,dressmaker,mirror,salon,opera,song,singing,singer,bath,slow motion scene,pipe smoking,drug use,coronation,wig,montage,horse and carriage,horse riding,horse,tears,crying,gossip,eating,food,orchestra,infidelity,unfaithfulness,adultery,extramarital affair,drunkenness,drink,drinking,count,lady in waiting,kiss,duke,countess,duchess,princess,intrigue,sex,husband wife relationship,voice over letter,letter,anachronism,voice over narration,family relationships,rococo,child,alternate history,alternative history,pug,royal family,revisionist history,paris france,femme fatale,18th century,seduction,king louis xv,king louis xvi,fan,1770s,wedding,unfaithful wife,royalty,revolution,revolt,prostitute,masked ball,loss of virginity,king,garden,french revolution,factory,brother sister relationship,bishop,bathtub,ambassador,1780s,dance party,1760s,shopping,pug dog,party,motherhood,mother daughter relationship,giving birth,gambling,fireworks,childbirth,dog,death of child,death of mother,death of father,based on novel,character name in title"
"Kod da Vinci";"2006";"149";"Mystery,Thriller";"6.5";"275,458";"Ron Howard";"Tom Hanks,Audrey Tautou,Ian McKellen,Jean Reno,Paul Bettany,Alfred Molina,Jürgen Prochnow,Jean-Yves Berteloot,Etienne Chicot,Jean-Pierre Marielle,Marie-Françoise Audollent,Rita Davies,Francesco Carnelutti,Seth Gabel,Shane Zaza,Andy Clark,Fausto Maria Sciarappa,Joe Grossi,Denis Podalydès,Harry Taylor,Clive Carter,Garance Mazureck,Daisy Doidge-Hill,Lilli Ella Kelleher,Crisian Emanuel,Charlotte Graham,Xavier De Guillebon,Tonio Descanvelle,David Bark-Jones,Seretta Wilson,Eglantine Rembauville-Nicolle,Dan Tondowski,Aewia Huillet,Roland John-Leopoldie,David Saracino,Lionel Guy-Bremond,Yves Aubert,Rachael Black,Dez Drummond,Mark Roper,Brock Little,Matthew Butler,Roland Menou,Hugh Mitchell,Tina Maskell,Peter Pedrero,Sam Mancuso,Andre Lillis,Mario Vernazza,Agathe Natanson,Daz Parker,Andy Robb,Tom Barker,Maggie McEwan,Michael Bertenshaw,Sarah Wildor,David Bertrand,Dan Brown,Charlie Rose,NA,Paul Adams,Didier Dell Benjamin,Stefana Brancastle,Liliane Briand,Anna Cachia,Scott Davidson,Laine Edwards,Neil Findlater,Christopher Fosh,Sean Francis George,Kas Graham,Paul Hann,Martin Heathcote,Paul Herbert,Helen Holman,Cheryl Howard,Arnaud Klein,Dhaffer L'Abidine,Simon Lockwood,Rob McGillivray,Andy Orr,Lynn Picknett,Clive Prince,Norman Campbell Rees,Paul Sacks,Robert Stone,Brian Teles,Darren Travers,Chris Wilson";"Akiva Goldsman,Dan Brown";"Dan Brown,John Calley,Brian Grazer,Todd Hallowell,Ron Howard,Kathleen McGill,Louisa Velis";"Hans Zimmer";"Salvatore Totino";"USA,Malta,France,UK";"English,French,Latin,Spanish";"Color";"based on supposedly true story,secret,mary magdalene,holy grail,opus dei,painting,leonardo da vinci,catholic,police detective,church,christianity,albino,reference to leonardo da vinci,reference to jesus christ,council of nicea,roman catholic,monastery,reference to god,religious order,knight templar,crucifix,flagellation,da vinci last supper,conspiracy,ritual,jerusalem,bishop,corporeal mortification,religion,paris france,louvre museum,falling from height,cryptography,based on novel,surprise ending,murder,chase,secret society,symbolist,harvard,england,dead body,symbol,pentagram,tomb,monk,american,riddle,fibonacci,well,professor,knight,symbolism,fibonacci sequence,2000s,21st century,zurich switzerland,neck breaking,grandmother granddaughter relationship,flashback,controversy,bound and gagged,gunshot wound,trip,teacher,pentangle,orphan,murder by gunshot,knife,interruption,harvard university,grief,grandfather granddaughter relationship,death,death by poison,dead man,corruption,conspiracy theory,cane,appointment,ancient tomb,murder of a nun,based on distorted reality,cripple,shot in the shoulder,shot in the knee,shot in the head,shot in the arm,held at gunpoint,wine,sword,suitcase,throat slitting,shot in the back,security camera,secret message,police officer,on the lam,marital abuse,killing in god's name,impalement,hit in the crotch,gun,elevator,death of parents,death of brother,cell phone,burned alive,blood,billiards,bible,bathroom,bank,atheist,anagram,american in the uk,no opening credits,shot in the stomach,self flagellation,secret passage,restroom,lecture,hospital,hangar,double cross,crusades,scene of the crime,catholic church,bus,arrest,armored truck,4th century,1st century,car chase,revolver,whip,video surveillance,underwater scene,ultraviolet light,telephone booth,semiautomatic pistol,london england,flask,falling into water,face slap,claustrophobia,car accident,battle,studio logo segues into film,airplane,tracking device,shot to death,shaving,roman empire,pyramid,private jet,poison,park,nun,murder investigation,mansion,male nudity,loss of parents,deposit box,control tower,book signing,betrayal,archive,airport,mona lisa,illuminati,cult film,blockbuster"
"Silent Hill";"2006";"125";"Horror,Mystery";"6.6";"153,902";"Christophe Gans";"Radha Mitchell,Sean Bean,Laurie Holden,Deborah Kara Unger,Kim Coates,Tanya Allen,Alice Krige,Jodelle Ferland,Colleen Williams,Ron Gabriel,Eve Crawford,Derek Ritschel,Amanda Hiebert,Nicky Guadagni,Maxine Dumont,Chris Britton,Stephen R. Hart,Simon Richards,Ian White,Elizabeth Harpur,Janet Land,Florence MacGregor,Lynn Woodman,Hannah Fleming,Holly Makarchuk,Tatiana Haas,Roberto Campanella,Michael Cota,Yvonne Ng,Lorry Ayers,Emily Lineham,Donna Milburn,Nadia Barosso,Noelle Boggio,Victoria Boland,Rhoslynne Bugay,Alicia Bundy,Carrie Clayton,Rachel Crowther,Zsuzsanna Cseh,Judit Kovacs,Stephanie Lauder,Chantelle Leonardo,Onika Ndukwe,Kat Olsen,Melissa Panton,Sylwia Pluta,Lisa Shaw,Tamara Smeaton,Nicole Ann St. Hill,NA,Samantha Hayes,Victor Sutton";"Roger Avary";"Nicolas Boukhrief,Don Carmody,Samuel Hadida,Victor Hadida,Deb LeFaive,Andrew Mason,Joel Plue,Akira Yamaoka";"Jeff Danna,Akira Yamaoka";"Dan Laustsen";"Canada,France,Japan,USA";"English";"Color";"gothic,silent hill,police,sleepwalking,police officer,girl,blood on camera lens,dead but doesn't know it,barcelona chair,bridge,immolation,dust mask,school room,missing child,coal mine fire,cliff,rain,arrest,ash fall,blood splatter,religious fanatic,fundamentalist christian,nun,catholic orphanage,cell phone,bare breasts,town name in title,violence,unconsciousness,surrealism,flashback,court,bathroom,survival,erased faces,sadism,brutality,bodily dismemberment,spin off from video game,sexy nurse,female nudity,skinned alive,murder of a policewoman,nudity,murder of a nude woman,policeman,mother daughter relationship,handgun,gun,waterfall,trapped,secret room,school,room key,orphanage,night,key,janitor,hidden room,day,child molester,burned alive,ghost town,title appears in writing,torture,suffering,showdown,self sacrifice,screaming,sacrifice,retreat,rescue,religion,persecution,nurse,nightmare becomes reality,motherly instinct,moral ambiguity,mist,maternal instinct,human monster,hospital,horn,hope,heroism,good versus evil,friendship,fog,female fighter,female bonding,faith,double cross,dark hero,conscience,compassion,betrayal,adopted daughter,melting face,soul,religious cult,murder,multiple monsters,monster,missing person,limbo,hell,dark,creature,chain link fence,west virginia,sleeping on couch,siren,scar,revenge,policewoman,photograph,motorcycle cop,map,little girl,ladder,knife in the chest,hotel,handcuffs,flashlight,elevator,demon,coal mine,classroom,cigarette lighter,car radio,bus stop,burned at the stake,barricading,barbed wire,ashes,witch,witch burning,torso cut in half,torn flesh,stabbed in the chest,split in two,sliced in two,murder of a police officer,pistol,pipe,person on fire,mutilation,knife,impalement,gore,ghost,dismemberment,death,car accident,burnt face,burnt body,blood,beaten to death,abandoned mine,missing daughter,based on video game,title spoken by character"
"Adrenalina";"2006";"88";"Action,Crime,Thriller";"7.0";"175,605";"Mark Neveldine,Brian Taylor";"Jason Statham,Amy Smart,Jose Pablo Cantillo,Efren Ramirez,Dwight Yoakam,Carlos Sanz,Reno Wilson,Edi Gathegi,Glenn Howerton,Jay Xcala,Keone Young,Valarie Rae Miller,Yousuf Azami,Laurent Schwaar,David Brown,Dorian Kingi,Med Abrous,Daniel Stevens,Wally Lozano,David T. Green,Eve Loseth,Allen Bloomfield,Stephanie Mace,Chester Bennington,Michael McLafferty,Earl Carroll,Brian Swibel,Donnie Smith,Sean Graham,Dan Callahan,Noel Gugliemi,Daniel Venegas,Francis Capra,Frank Blake,Mike G.,Ken Moreno,Troy Robinson,Eddie Perez,Justin Riemer,Peter Choi,Elizabeth Jayne Hong,Toshi Toda,Sam Witwer,Jai Stefan,Jacki R. Chan,Rick Shuster,Ted Garcia,NA,Melissa Barker,Candice A. Buenrostro,Guillaume DeLouche,Richard T. Henry,Klaudia Ann Jaworski,Nina Kaze,India King,Jerome Villaluz";"Mark Neveldine,Brian Taylor";"Peter Block,Michael Davis,Gary Lucchesi,Michael Paseornek,Eric Reid,Tom Rosenberg,David Rubin,Skip Williamson,Richard S. Wright";"Paul Haslinger";"Adam Biddle";"USA";"English,Spanish,Korean";"Color";"cult film,heart,poison,doctor,revenge,die hard scenario,voyeurism,voyeur,homoerotic,female female kiss,lesbian kiss,oral sex,doggystyle sex,outdoor sex,girl in panties,sexual attraction,sexual desire,lust,leg spreading,fondling,nipples visible through clothing,nudity,nude girl,nude,scantily clad female,cleavage,brawl,female frontal nudity,breasts,upskirt,white panties,panties,body landing on a car,transvestite,gay character,character can see subtitle,chinatown los angeles,blood spatter,underwater scene,topless female nudity,neck breaking,cell phone,bare breasts,methamphetamine,one day,victim searches for killer,pill,number,last job,drug abuse,bull,damsel in distress,triad,street gang,drug dealer,rear entry sex,organized crime,los angeles california,cigar smoking,trashcan,tour bus,tea,taxi,tattoo,syringe,swat,sunglasses,spanking,skyline,shaved head,sculpture,scaffold,rolling pin,restaurant,product placement,policeman,picket fence,pharmacy,pharmacist,parakeet,orchid,newscaster,necklace,motorcycle,motorcycle stunt,modern art,microwave oven,lawn jockey,kitchen,jet,hotel,hospital gown,helicopter landing pad,handgun,gurney,goatee,fire escape,finger gun,falling from a helicopter,epinephrine,duct tape,daylight saving time,clothes ripping,car chase,burn,beard,bamboo,intravenous,google earth,sweatshop,suicide,shopping mall,security camera,retirement,pigeon,penthouse apartment,hanging,hallucination,gang war,emergency room,elevator,chinese restaurant,shooting,energy drink,body part,blow job,public sex,racial slur,gay slur,snorting cocaine,female nudity,gore,silencer,shot to death,shot in the head,shot in the forehead,shootout,sex in public,severed finger,pistol,motorcycle accident,male nudity,machine gun,head butt,grenade,fellatio,exploding body,death,cocaine,car accident,blood,killing an animal,swimming pool,suffocation,shot in the hand,shot in the chest,sewing machine,severed hand,motorcycle crash,motorcycle cop,meat cleaver,hypodermic,hospital,helicopter,falling from height,dvd,defibrillation,bathroom,answering machine,hitman,surprise ending,directorial debut,first part,copulation,coitus,tough guy,hand to hand combat,fistfight,mixed martial arts,one word title,reference to houdini,one man army,gangsta grip,first person perspective,part computer animated,change of heart,black comedy,anti hero,surprise after end credits,title spoken by character"
"Ludzkie dzieci";"2006";"109";"Drama,Sci-Fi,Thriller";"7.9";"326,375";"Alfonso Cuarón";"Clive Owen,Juan Gabriel Yacuzzi,Michael Caine,Mishal Husain,Rob Curling,Chiwetel Ejiofor,Jon Chevalier,Julianne Moore,Rita Davies,Charlie Hunnam,Kim Fenton,Danny Huston,Chris Gilbert,Phoebe Hawthorne,Rebecca Howard,Atalanta White,Laurence Woodbridge,Maria McErlane,Michael Haughey,Phaldut Sharma,Miriam Karlin,Philippa Urquhart,Tehmina Sunny,Jody Halse,Ilario Bisi-Pedro,Michael Klesic,Martina Messing,Simon Poland,Barnaby Edwards,Ed Westwick,Valerie Griffiths,Billy Cook,Pam Ferris,Clare-Hope Ashitey,Gary Hoptrough,Rob Inch,Jamie Kenna,Maurice Lee,Dhaffer L'Abidine,Bruno Ouvrard,Denise Mack,Jacek Koman,Joy Richardson,Caroline Lena Olsson,Milenka James,Somi De Souza,Francisco Labbe,Thorston Manderlay,Georgia Goodman,Peter Mullan,Dorothy Grumbar,Barry Martin,Ernesto Tomasini,Keith Dunphy,Ray Trickitt,Nabil Shaban,Goran Kostic,Dermot O'Neill,Oana Pellea,Faruk Pruti,Alexandre Bestavashvili,Galina McWhirr,Nirmala Martis,Ida Church,Yolanda Vazquez,Andrew Brooke,Nihal Arthanyake,NA,Alex Argenti,Andy Callaghan,Scott Davidson,Ray Donn,James Fiddy,Kay Headley,Forbes KB,Jamie Lengyel,Jeff Leslie,João Costa Menezes,Steve Murphy,Vidal Sancho,John Warman,Paul Warren,Yana Yanezic";"Alfonso Cuarón,Timothy J. Sexton,David Arata,Mark Fergus,Hawk Ostby,P.D. James";"Marc Abraham,Armyan Bernstein,Thomas A. Bliss,Pablo Casacuberta,Kristel Laiblin,Eric Newman,Hilary Shor,Iain Smith,Tony Smith";"John Tavener";"Emmanuel Lubezki";"USA,UK";"English,German,Italian,Romanian,Spanish,Arabic,Georgian";"Color";"long take,violence,future,chaos,england,survival,fertility,dying,anarchy,band,rebel,faith,sanctuary,hippie,miracle,year 2027,birth,hope,science,infertility,aging,lens flare,single mother,apocalypse,man with glasses,hangover,idealism,surveillance,betting,fable,tinnitus,killing an animal,whiskey,blood on shirt,abandoned school,canary,terrorist,pot smoking,refugee camp,seattle washington,pursuit,bus,deer,tears,soldier,nudity,air guitar,grief,marijuana,kindness,shot through a car windshield,totalitarianism,shooting,drink,macguffin,drinking,college,motorcycle crash,shot in the hand,drunkenness,crushed to death,bridge,uprising,neo noir,blindfold,allegory,eating,photograph,torture,demonstration,biology,loneliness,lamb,train,sweatshirt,british government,food,chance,love,depression,kidnapping,beating,face mask,hopelessness,social commentary,limousine,coffee shop,corpse,midwife,ufo,military regime,poland,dead animal,squatting,beer,singing,rain,human worth,childbirth,buoy,rebel leader,airplane,chase,birthday,riot shield,reunion,dead body,rat,husband murders wife,cremation,celebrity,murder of a police officer,search dog,mother son relationship,tattoo,drug use,compassion,tunnel,flatulence,disability,eavesdropping,reporter,voodoo,burying a dead body,ex husband ex wife relationship,sterility,corrupt cop,police,braided hair,wheelchair,african anglo,wine,tank,protestor,azores,border,face slap,forest,protector,hit by a door,handheld camera,newspaper,catatonic state,painting,urban setting,expectant mother,snoring,ex lover,strawberry,balloon,illegal immigrant,alcoholism,swing set,shoes,border guard,wound,guard dog,park,vandalism,passport,singer,pub,motorcycle,disabling a vehicle,money,severed arm,kiss,influenza,mission,pushing a car,prisoner,jet,execution,father son relationship,boat,pill,immigrant,anti depressant,terror,melancholy,crushed head,computer,redemption,racism,ambiguous ending,repression,fate,savior,refugee,flip flops the shoes,internment camp,fart joke,dog race,civil servant,betrayal,reference to michelangelo's david,crying,egg,poison,dog,overheard conversation,car set on fire,car on fire,alarm,pig balloon,dairy farm,orange the fruit,bar,polish,police car,messiah,woods,farm,double decker bus,protection,dwarf,mother love,experiment,deceit,announcer,underwear,rowboat,cage,chanting,virginity,suicide kit,molotov cocktail,cigarette smoking,anglo african,escape,gamma ray,cow,survivor,reluctant hero,barn,propaganda,gun held to head,gun,cat,soaking feet,photojournalist,footbridge,cousin cousin relationship,pandemic,fascist,genetic experiment,genetics,newborn baby,umbilical cord,policeman,pollution,watching tv,tv news,government,checkpoint,massacre,bombing,protest,topless female nudity,bare breasts,miscarriage,destruction of property,murder,title at the end,pregnant woman nude,self sacrifice,self referential,dystopia,blood splatter,woman in labor,battle,cult film,what if,blood on camera lens,moral ambiguity,spit in the face,shot to death,shot in the neck,bleeding to death,procreation,husband wife relationship,epidemic,anti hero,urban decay,fascism,devastated landscape,safe house,virus,tragic hero,shootout,mass murder,future noir,female nudity,london england,ambush,giving birth,shot in the throat,shot in the head,shot in the chest,machine gun,explosion,exploding building,child in peril,blood,christ allegory,pregnancy,2020s,bomb,terrorism,rebellion,death,baby,death of son,death of child,death of friend,based on novel,listening to music,yin and yang,islam,sexuality"
"Pachnidlo: Historia mordercy";"2006";"147";"Crime,Drama,Fantasy";"7.5";"171,524";"Tom Tykwer";"Ben Whishaw,Francesc Albiol,Gonzalo Cunill,Roger Salvany,Andrés Herrera,Simon Chandler,David Calder,Richard Felix,Birgit Minichmayr,Reg Wilson,Catherine Boisgontier,Núria Casas,Carlos Gramaje,Sian Thomas,Michael Smiley,Walter Cots,Perry Millward,Jan Cortés,Berta Ros,Alvaro Roque,Franck Lefeuvre,Sam Douglas,Joan Serrats,Jaume Montané,Bridget McConnell,Duna Jové,Karoline Herfurth,Timothy Davies,Dustin Hoffman,Dora Romano,Carolina Vera,Rachel Hurd-Wood,Alan Rickman,Sara Forestier,Ramon Pujol,Corinna Harfouch,Paul Berrondo,Joanna Griffiths,Jessica Schwarz,Harris Gordon,Anna Gelman,Laura Gelman,Guillermo Ayesa,Anna Diogene,Montserrat Masó,Toby Harper,Jerome Willis,Fermí Reixach,Derek Smee,Albert Pérez,Artur Sala,Thomas Lenox,Richard Collins-Moore,Francesca Piñón,Nico Baixas,Enric Arquimbau,Oriol Tramvia,Cristina Solà,Laura Vidal,Ariadna Cabrol,Maia Jenkinson,John Hurt,NA,Miquel Bordoy,Òscar Bosch,Carme Capdet,Carme Contreras,Susana Goulart,Pedro Gutiérrez,Aina Huguet,Jordi Manuel,Ricardo Mestres,Jaume Najarro,Alberto Quintana,Carlos Serna,Sergi Atencia Sánchez,Marc Velasco,Abel Zamora";"Andrew Birkin,Bernd Eichinger,Tom Tykwer,Patrick Süskind";"Bernd Eichinger,Julio Fernández,Teresa Gefaell,Andreas Grosch,Samuel Hadida,Manuel Cuotemoc Malle,Martin Moszkowicz,Gigi Oeri,Edmon Roch,Andreas Schmid,Silvia Tollmann";"Reinhold Heil,Johnny Klimek,Tom Tykwer";"Frank Griebe";"Germany,France,Spain";"English";"Color";"breasts,smell,scent,perfume,stench,sense of smell,search,perfumer,innocence,innocent person killed,mass hysteria,woman undressing,seduction,bishop,executioner,prisoner,arranged marriage,nun,dead body floating in a river,alcohol,female frontal nudity,fat,dead body in water,harvest,spiritual experience,heightened sense of smell,rainy night,obsession,traveling on foot,secret formula,dead cat,animal cruelty,master apprentice relationship,dirt,grime,essential oil,alembic,river,dreaming,sweat,murder with robbery,humiliation,reverse engineering,fishwife,fishmonger,manslaughter,accidental murder,death by suffocation,magical realism,emaciation,dead woman on ground,topless female nudity,dead prostitute,dead woman with eyes open,dead woman on bed,slow motion,newborn baby,underwater scene,twin,hypersensitivity,bare chested male,bare chested male bondage,waterboarding,water torture,washing,voice over narration,virgin,violence,undressing,umbilical cord,torture,torch,throat slitting,teenage boy,tears,sword,survival,street life,solitude,smothering,sheepskin,shaved head,sex scene,scaffold,rowboat,rose,robbery,rifle,religious fervor,rat,rain,prologue,priest,pregnancy,powder,police,peasant,party,odor,nudity,nose,nightmare,necklace,mute,mountain climbing,mother son relationship,money,monastery,mob,messiah,maze,marquis,male frontal nudity,maggot,love,listeria,lesbian,leather,ladder,laboratory,kiss,key,jail,jail cell,italian,horse and carriage,honey,hide and seek,heretic,heresy,hayloft,hangover,hangman,hanging,hanging upside down,handkerchief,hand over mouth,grave,gallows,flower,flashback,fish market,fireworks,farming,fainting,face slap,execution,execution by hanging,excommunication,enslavement,dying,dead body,dancing,dancer,curfew,crying,cross,copper,church,childbirth,child selling,chastity,cellar,cat,catholic,carriage accident,cannery,candle,building collapse,bridge,breaking leg,bonfire,boat,bludgeoning,birthday party,bee,beating,beach,bathing,barn,bare breasts,baby boy,angel,18th century,1740s,1730s,wig,slavery,long haired male,journey,giving birth,finger,falling building,facial scar,deadly disease,cave,cave hideout,apple,shackles,bound in chains,death,orgy,suffocation,nude woman murdered,naked dead woman,accidental killing,serial killer,provence,period piece,birth,father daughter relationship,1700s,corpse,tannery,smelling,shaving,shaved body,redhead,psychopath,psychopathic killer,prostitution,prostitute,paris france,orphan,orphanage,murder,male nudity,labyrinth,inn,grasse france,freckles,fish,female nudity,drowning,dog,death penalty,child murder,bad smell,based on novel,surprise ending"
